-- MySQL dump 10.13  Distrib 5.7.22, for Linux (x86_64)
--
-- Host: localhost    Database: lpmf
-- ------------------------------------------------------
-- Server version	5.6.40

/*!40101 SET @OLD_CHARACTER_SET_CLIENT=@@CHARACTER_SET_CLIENT */;
/*!40101 SET @OLD_CHARACTER_SET_RESULTS=@@CHARACTER_SET_RESULTS */;
/*!40101 SET @OLD_COLLATION_CONNECTION=@@COLLATION_CONNECTION */;
/*!40101 SET NAMES utf8 */;
/*!40103 SET @OLD_TIME_ZONE=@@TIME_ZONE */;
/*!40103 SET TIME_ZONE='+00:00' */;
/*!40014 SET @OLD_UNIQUE_CHECKS=@@UNIQUE_CHECKS, UNIQUE_CHECKS=0 */;
/*!40014 SET @OLD_FOREIGN_KEY_CHECKS=@@FOREIGN_KEY_CHECKS, FOREIGN_KEY_CHECKS=0 */;
/*!40101 SET @OLD_SQL_MODE=@@SQL_MODE, SQL_MODE='NO_AUTO_VALUE_ON_ZERO' */;
/*!40111 SET @OLD_SQL_NOTES=@@SQL_NOTES, SQL_NOTES=0 */;

--
-- Table structure for table `artist`
--

DROP TABLE IF EXISTS `artist`;
/*!40101 SET @saved_cs_client     = @@character_set_client */;
/*!40101 SET character_set_client = utf8 */;
CREATE TABLE `artist` (
  `id` bigint(20) NOT NULL,
  `full_name` varchar(255) COLLATE utf8_polish_ci DEFAULT NULL,
  `first_time_in_list_no_of_list` int(11) DEFAULT NULL,
  PRIMARY KEY (`id`),
  KEY `FK1jf2u2u34ee8bg3ggqtf0rgmj` (`first_time_in_list_no_of_list`)
) ENGINE=MyISAM DEFAULT CHARSET=utf8 COLLATE=utf8_polish_ci;
/*!40101 SET character_set_client = @saved_cs_client */;

--
-- Dumping data for table `artist`
--

LOCK TABLES `artist` WRITE;
/*!40000 ALTER TABLE `artist` DISABLE KEYS */;
INSERT INTO `artist` VALUES (2,'Jan A. P. Kaczmarek',0),(6,'Caetano Veloso',0),(10,'Alan Silvestri',0),(14,'John Williams',0),(18,'Howard Shore',0),(22,'Joe Hisaishi',0),(26,'Zbigniew Preisner',0),(30,'Sting',0),(34,'Ennio Morricone',0),(38,'Vangelis',0),(42,'Barbra Streisand',0),(46,'Nino Rota',0),(50,'Nancy Wilson',0),(54,'John Powell',0),(58,'Michał Lorenc',0),(62,'Jamie Cullum',0),(63,'Clint Eastwood',0),(70,'Hans Zimmer',0),(74,'Dimitri Tiomkin',0),(78,'Allah Rakha Rahman',0),(92,'Goran Bregovic',1),(99,'Chuck Mangione',1),(107,'Elvis Costello',1),(112,'John Barry',1),(116,'Michael Nyman',2),(127,'James Horner',2),(135,'Thomas Newman',2),(143,'Angelo Badalamenti',2),(151,'Dick Dale & His Del-Tones',2),(159,'Elton John',3),(160,'Tim Rice',3),(171,'Jan Hammer',3),(175,'Leszek Możdżer',3),(179,'Gheorghe Zamfir',3),(184,'Reinhold Heil',3),(185,'Johnny Klimek',3),(186,'Tom Tykwer',3),(200,'Bartosz Chajdecki',4),(208,'Barratier Christophe',4),(209,'Bruno Coulais',4),(219,'Herrmann Bernard',4),(223,'Nina Simone',4),(227,'Alexandre Desplat',4),(239,'Tomasz Gąssowski',5),(249,'Andrzej Kurylewicz',5),(250,'Pat Metheny',5),(254,'Stanley Myers',5),(262,'Wim Mertens',5),(267,'Francis Lai',5),(278,'John Debney',6),(292,'Harry Gregson-Williams',6),(296,'Quincy Jones',6),(297,'Herbie Hancock',6),(311,'Agnieszka Osiecka',7),(312,'Krzysztof Komeda',7),(313,'Edmund Fetting',7),(334,'Itzhak Perlman',8),(341,'Juliee Cruise',8),(352,'Jun Miyake',8),(357,'Jerzy Matuszkiewicz',8),(364,'Daft Punk',8),(369,'Trevor Jones',9),(370,'Randy Edelman',9),(385,'Henry Mancini',9),(394,'Klaus Doldinger',9),(398,'Abel Korzeniowski',9),(407,'Lennox Annie',10),(418,'Loreena McKennitt',10),(426,'Ella Fitzgerald',10),(430,'Israel „Iz” Kamakawiwoʻole',10),(435,'Danny Elfman',10),(448,'Rachel Portman',11),(462,'Herman Hupfeld',11),(471,'Alberto Iglesias',12),(472,'Ayub Ogada',12),(480,'E.S. Posthumus',12),(504,'Nancy Sinatra',13),(508,'Waldemar Kazanecki',13),(532,'Peter Gabriel',14),(541,'Damien Rice',14),(553,'Seweryn Krajewski',14),(557,'Yann Tiersen',15),(564,'Christopher Young',15),(568,'Clint Mansell',15),(595,'Wojciech Kilar',16),(603,'Steve Jablonsky',16),(607,'David Schwartz',16),(625,'Clannad',17),(653,'Klaus Badelt',18),(658,'Alan Menken',18),(659,'Celine Dion',18),(660,'Peabo Bryson',18),(666,'Shigeru Umebayashi',18),(675,'Josh Groban',19),(682,'Stephen Endelman',19),(694,'Rodrigo y Gabriela',19),(710,'Carlos Gardel',20),(724,'Denez Prigent',20),(725,'Lisa Gerrard',20),(735,'Basil Poledouris',20),(750,'Leszek Herdegen',21),(776,'Nicola Piovani',22),(781,'Alex North',22),(787,'Enya',22),(795,'Giulia y Los Tellarini',22),(799,'Ewan McGregor',23),(812,'Whitney Houston',23),(825,'Gerome Ragni',23),(826,'James Rado',23),(827,'Galt MacDermot',23),(860,'Paul Simon',25),(861,'Art Garfunkel',25),(892,'Antonio Banderas',26),(893,'Los Lobos',26),(913,'Ketil Bjørnstad',26),(922,'Yo-Yo Ma',27),(955,'Zygmunt Konieczny',28),(984,'Dario Marianelli',29),(999,'Beata Bednarz',30),(1030,'Ludovico Einaudi',31),(1039,'Sumi Jo',31),(1062,'Iggy Pop',32),(1067,'Michael Kamen',32),(1068,'Kate Bush',32),(1083,'Edward Shearmur',33),(1099,'Ryszard Wagner',33),(1107,'Queen',34),(1151,'Mark Snow',35),(1159,'Maciej Zieliński',36),(1176,'Maurice Jarre',36),(1184,'Eric Idle',37),(1201,'David Arnold',37),(1226,'James Newton Howard',38),(1238,'Tomasz Stańko',38),(1242,'Nick Cave',39),(1268,'Randy Newman',39),(1269,'Sarah McLachlan',39),(1288,'Djivan Gasparyan',40),(1324,'Elmer Bernstein',41),(1347,'Javier Navarrete',42),(1355,'Krzesimir Dębski',42),(1374,'Edith Piaf',43),(1382,'Carter Burwell',43),(1388,'The Secret Sisters',43),(1394,'Ramin Djawadi',44),(1411,'Francisco Repilado',44),(1423,'Gene Kelly',44),(1424,'Donald O\'Connor',44),(1425,'Debbie Reynolds',44),(1431,'Adele',45),(1451,'Patrick Doyle',45),(1478,'Natacha Atlas',46),(1488,'Dead Can Dance',47),(1495,'Django Reinhardt',47),(1496,'Stephane Grappelli',47),(1505,'Ray Charles',47),(1522,'Przemysław Gintrowski',48),(1535,'Edward Grieg',48),(1536,'Trent Reznor',48),(1537,'Atticus Ross',48),(1548,'Rolfe Kent',49),(1568,'Bono',49),(1569,'The Edge',49),(1570,'Tina Turner',49),(1592,'Craig Armstrong',50),(1597,'Joni Mitchell',50),(1611,'Michael Price',51),(1621,'Jace Everett',51),(1657,'Neil Finn',53),(1672,'Andrew Lloyd Webber',53),(1673,'Gerard Butler',53),(1679,'Jerry Goldsmith',53),(1718,'David Sardy',55),(1753,'Frank Sinatra',56),(1754,'Tony Bennett',56),(1775,'Sonu Nigam',57),(1779,'Charlotte Gainsbourg',57),(1780,'Calexico',57),(1789,'Bruce Springsteen',58),(1805,'Karen O',58),(1813,'Luis Bacalov',59),(1831,'Marc Streitenfeld',59),(1836,'Ryūichi Sakamoto',59),(1841,'Henry Jackman',59),(1860,'Nick Perito',60),(1869,'Russell Crowe',60),(1887,'Rodriguez',61),(1961,'Nat King Cole',64),(1986,'Daniel Bloom',65),(2007,'Grzegorz Ciechowski',66),(2016,'Bryan Adams',66),(2017,'Rod Stewart',66),(2035,'Vladimir Cosma',67),(2043,'Czesław Mozil',67),(2044,'Mela Koteluk',67),(2065,'thenewno2',68),(2069,'Nicola Benedetti',68),(2092,'Michael Galasso',69),(2133,'Murray Gold',71),(2156,'Lana Del Rey',72),(2182,'Piotr Marczewski',73),(2188,'Henryk Kuźniak',73),(2192,'Sia',73),(2216,'2Cellos',74),(2235,'Anthony Gonzalez',75),(2236,'Joseph Trapanese',75),(2265,'Emeli Sande',76),(2266,'The Bryan Ferry Orchestra',76),(2285,'Edyta Górniak',77),(2334,'Brian Tyler',79),(2367,'Łukasz Targosz',81),(2431,'Bartek Gliniak',83),(2476,'Don Davis',85),(2500,'Patrick Swayze',86),(2507,'Art',86),(2508,'Dotty Todd',86),(2537,'Jeff Beal',87),(2549,'Mel Tormé',88),(2559,'Marco Beltrami',88),(2567,'Steven Price',88),(2589,'Trevor Morris',89),(2595,'Dave Porter',89),(2628,'Kazimierz Serocki',91),(2648,'Mieczysław Szcześniak',91),(2652,'Miriam Stockley',91),(2657,'Devotchka',91),(2676,'Kayah',92),(2677,'Elżbieta Towarnicka',92),(2704,'Mikis Theodorakis',93),(2727,'Olivia Olson',94),(2737,'Ed Sheeran',95),(2751,'Myslovitz',95),(2756,'Sixto Rodriguez',95),(2761,'Lyle Lovett',95),(2765,'Chris Rea',95),(2776,'Lisbeth Scott',96),(2780,'Michael Bublé',96),(2797,'Coldplay',97),(2809,'Christophe Beck',97),(2837,'Glenn Miller & His Orchestra',98),(2841,'Henryk Wars',98),(2842,'Eugeniusz Bodo',98),(2847,'Dirk Brossé',98),(2851,'Jim Croce',98),(2856,'Witold Janiak Trio',99),(2863,'Tan Dun',99),(2874,'Bee Gees',99),(2898,'Theodore Shapiro',100),(2903,'Joe Cocker',100),(2930,'Matos Rodriguez',101),(2931,'Pascual Contursi',101),(2932,'Enrique Maroni',101),(2936,'Michael Giacchino',101),(2941,'Pharrell Williams',102),(2945,'Idina Menzel',102),(2968,'The xx',103),(2986,'Pussycat Dolls',103),(2990,'Jan Duszyński',103),(3011,'Nelle Karajlic',104),(3017,'Keith Ferreira',104),(3018,'Pierre Bachelet',104),(3019,'Herve Roy',104),(3031,'U2',105),(3042,'Dawid Podsiadło',105),(3043,'Bogdan Kondracki',105),(3072,'The Handsome Family',106),(3089,'David Bowie',107),(3090,'Kristen Wiig',107),(3095,'Marcin Pukaluk',107),(3120,'Arcade Fire',108),(3121,'Owen Pallett',108),(3140,'Alison Krauss',109),(3154,'Ilan Eshkeri',109),(3178,'Carey Mulligan',110),(3179,'Stark Sands',110),(3180,'Justin Timberlake',110),(3201,'Junkie XL',111),(3216,'Clinton Shorter',112),(3235,'Shirley Bassey',112),(3306,'Balfe Lorne',115),(3325,'Malcolm Arnold',116),(3326,'Kenneth Alford',116),(3346,'Ania Dąbrowska',117),(3355,'Julie Fowlis',117),(3368,'Jeremy Irons',117),(3374,'Burt Bacharach',118),(3375,'Billy Joe Thomas',118),(3386,'Judy Garland',118),(3420,'John Ottman',119),(3428,'Gustavo Santaolalla',119),(3432,'Sheryl Crow',119),(3483,'Chris Cornell',122),(3499,'David Lynch',122),(3513,'Hansard Glen',123),(3514,'Marketa Irglova',123),(3521,'Paul Epworth',123),(3630,'Astor Piazzola',128),(3631,'Grace Jones',128),(3635,'Audrey Hepburn',128),(3668,'Billy Boyd',130),(3681,'Louis Armstrong',130),(3685,'Michał Woźniak',130),(3693,'Rick Nowels',130),(3696,'Fran Walsh',130),(3697,'Annie Lennox',130),(3713,'Bob Telson',131),(3714,'Jevetta Steele',131),(3720,'Rocky Roberts',131),(3727,'Gladys Knight',131),(3746,'Bob Thiele',132),(3747,'Georg Davida Weiss',132),(3757,'Jennifer Lawrence',133),(3926,'Lalo Schifrin',140),(3939,'Włodek Pawlik',141),(3943,'Adam Levine',141),(3964,'John Legend',141),(3965,'Common',141),(4004,'Brown Nacio Herb',143),(4075,'Bill Conti',146),(4137,'Berlin',149),(4257,'Anna Dereszowska',155),(4268,'Camille',155),(4274,'John Lunn',155),(4286,'Sława Przybylska',156),(4394,'Sam Smith',160),(4482,'Andrzej Korzyński',165),(4488,'Dooley Wilson',165),(4533,'Michel Legrand',167),(4545,'Sonia Bohosiewicz',167),(4546,'Natalia Rybicka',167),(4690,'Dolly Parton',174),(4705,'Katarzyna Łaska',174),(4803,'Daniel Pemberton',179),(4912,'Tom Holkenborg',184),(4961,'Kinga Preis',186),(4962,'Stanisława Celińska',186),(4963,'Eliza Rycembel',186),(5070,'The Moody Blues',191),(5214,'Buena Vista Social Club',198),(5248,'Simon Franglen',199),(5340,'Ryan Gosling',204),(5341,'Emma Stone',204),(5441,'Justin Hurwitz',209),(5442,'Benj Pasek',209),(5443,'Justin Paul',209),(5466,'Philip Glass',209),(5569,'Max Steiner',214),(5574,'Ariana Grande',215),(5698,'Rupert Gregson-Williams',220),(5742,'Limahl',223),(5765,'Lianne La Havas',223),(5770,'Sandro di Stefano',223),(5774,'Benjamin Wallfisch',224),(5886,'Jeff Russo',229),(5999,'Gregory Porter',234),(6009,'Lorne Balfe',235),(6042,'Keala Settle',236),(6043,'The Greatest Showman Ensemble',236),(6088,'Daria Zawiałow',238),(6111,'Sufjan Stevens',239),(6141,'Gael García Bernal',240),(6142,'Gabriella Flores',240),(6265,'Antoni Komasa-Łazarkiewicz',246);
/*!40000 ALTER TABLE `artist` ENABLE KEYS */;
UNLOCK TABLES;

--
-- Table structure for table `hibernate_sequence`
--

DROP TABLE IF EXISTS `hibernate_sequence`;
/*!40101 SET @saved_cs_client     = @@character_set_client */;
/*!40101 SET character_set_client = utf8 */;
CREATE TABLE `hibernate_sequence` (
  `next_val` bigint(20) DEFAULT NULL
) ENGINE=MyISAM DEFAULT CHARSET=utf8 COLLATE=utf8_polish_ci;
/*!40101 SET character_set_client = @saved_cs_client */;

--
-- Dumping data for table `hibernate_sequence`
--

LOCK TABLES `hibernate_sequence` WRITE;
/*!40000 ALTER TABLE `hibernate_sequence` DISABLE KEYS */;
INSERT INTO `hibernate_sequence` VALUES (6400),(6400),(6400),(6400);
/*!40000 ALTER TABLE `hibernate_sequence` ENABLE KEYS */;
UNLOCK TABLES;

--
-- Table structure for table `list_info`
--

DROP TABLE IF EXISTS `list_info`;
/*!40101 SET @saved_cs_client     = @@character_set_client */;
/*!40101 SET character_set_client = utf8 */;
CREATE TABLE `list_info` (
  `no_of_list` int(11) NOT NULL,
  `date_of_list` date DEFAULT NULL,
  PRIMARY KEY (`no_of_list`)
) ENGINE=MyISAM DEFAULT CHARSET=utf8 COLLATE=utf8_polish_ci;
/*!40101 SET character_set_client = @saved_cs_client */;

--
-- Dumping data for table `list_info`
--

LOCK TABLES `list_info` WRITE;
/*!40000 ALTER TABLE `list_info` DISABLE KEYS */;
INSERT INTO `list_info` VALUES (0,'2011-09-07'),(1,'2011-09-16'),(2,'2011-09-23'),(3,'2011-09-30'),(4,'2011-10-07'),(5,'2011-10-14'),(6,'2011-10-21'),(7,'2011-10-28'),(8,'2011-11-04'),(9,'2011-11-11'),(10,'2011-11-18'),(11,'2011-11-25'),(12,'2011-12-02'),(13,'2011-12-09'),(14,'2011-12-16'),(15,'2011-12-30'),(16,'2012-01-06'),(17,'2012-01-13'),(18,'2012-01-20'),(19,'2012-01-27'),(20,'2012-02-03'),(21,'2012-02-10'),(22,'2012-02-17'),(23,'2012-02-24'),(24,'2012-03-02'),(25,'2012-03-09'),(26,'2012-03-16'),(27,'2012-03-23'),(28,'2012-03-30'),(29,'2012-04-13'),(30,'2012-04-20'),(31,'2012-04-27'),(32,'2012-05-04'),(33,'2012-05-11'),(34,'2012-05-18'),(35,'2012-06-01'),(36,'2012-06-08'),(37,'2012-06-15'),(38,'2012-06-22'),(39,'2012-09-01'),(40,'2012-09-07'),(41,'2012-09-14'),(42,'2012-09-21'),(43,'2012-09-28'),(44,'2012-10-05'),(45,'2012-10-12'),(46,'2012-10-19'),(47,'2012-10-26'),(48,'2012-11-02'),(49,'2012-11-09'),(50,'2012-11-16'),(51,'2012-11-23'),(52,'2012-11-30'),(53,'2012-12-07'),(54,'2012-12-14'),(55,'2012-12-28'),(56,'2013-01-04'),(57,'2013-01-11'),(58,'2013-01-18'),(59,'2013-01-25'),(60,'2013-02-01'),(61,'2013-02-08'),(62,'2013-02-15'),(63,'2013-02-22'),(64,'2013-03-01'),(65,'2013-03-08'),(66,'2013-03-15'),(67,'2013-03-22'),(68,'2013-04-05'),(69,'2013-04-12'),(70,'2013-04-19'),(71,'2013-04-26'),(72,'2013-05-03'),(73,'2013-05-10'),(74,'2013-05-17'),(75,'2013-05-24'),(76,'2013-05-31'),(77,'2013-06-07'),(78,'2013-06-14'),(79,'2013-06-21'),(80,'2013-06-28'),(81,'2013-09-06'),(82,'2013-09-13'),(83,'2013-09-20'),(84,'2013-09-27'),(85,'2013-10-04'),(86,'2013-10-11'),(87,'2013-10-18'),(88,'2013-10-25'),(89,'2013-11-01'),(90,'2013-11-08'),(91,'2013-11-15'),(92,'2013-11-22'),(93,'2013-11-29'),(94,'2013-12-06'),(95,'2013-12-13'),(96,'2013-12-20'),(97,'2013-12-27'),(98,'2014-01-10'),(99,'2014-01-17'),(100,'2014-01-24'),(101,'2014-01-31'),(102,'2014-02-07'),(103,'2014-02-14'),(104,'2014-02-21'),(105,'2014-02-28'),(106,'2014-03-07'),(107,'2014-03-14'),(108,'2014-03-21'),(109,'2014-03-28'),(110,'2014-04-04'),(111,'2014-04-11'),(112,'2014-04-25'),(113,'2014-05-02'),(114,'2014-05-09'),(115,'2014-05-16'),(116,'2014-05-23'),(117,'2014-05-30'),(118,'2014-06-06'),(119,'2014-06-13'),(120,'2014-06-20'),(121,'2014-10-11'),(122,'2014-10-18'),(123,'2014-10-25'),(124,'2014-11-01'),(125,'2014-11-08'),(126,'2014-11-15'),(127,'2014-11-22'),(128,'2014-11-29'),(129,'2014-12-06'),(130,'2014-12-27'),(131,'2015-01-03'),(132,'2015-01-10'),(133,'2015-01-17'),(134,'2015-01-24'),(135,'2015-01-31'),(136,'2015-02-07'),(137,'2015-02-14'),(138,'2015-02-21'),(139,'2015-02-28'),(140,'2015-03-07'),(141,'2015-03-14'),(142,'2015-03-21'),(143,'2015-03-28'),(144,'2015-04-11'),(145,'2015-04-18'),(146,'2015-04-25'),(147,'2015-05-02'),(148,'2015-05-09'),(149,'2015-05-16'),(150,'2015-05-23'),(151,'2015-06-06'),(152,'2015-06-13'),(153,'2015-06-20'),(154,'2015-06-27'),(155,'2015-09-05'),(156,'2015-09-12'),(157,'2015-09-19'),(158,'2015-09-26'),(159,'2015-10-03'),(160,'2015-10-10'),(161,'2015-10-17'),(162,'2015-10-24'),(163,'2015-11-07'),(164,'2015-11-14'),(165,'2015-11-21'),(166,'2015-11-28'),(167,'2015-12-05'),(168,'2016-01-02'),(169,'2016-01-09'),(170,'2016-01-16'),(171,'2016-01-23'),(172,'2016-01-30'),(173,'2016-02-06'),(174,'2016-02-13'),(175,'2016-02-20'),(176,'2016-02-27'),(177,'2016-03-05'),(178,'2016-03-12'),(179,'2016-03-19'),(180,'2016-04-02'),(181,'2016-04-09'),(182,'2016-04-16'),(183,'2016-04-23'),(184,'2016-05-07'),(185,'2016-05-14'),(186,'2016-05-21'),(187,'2016-06-04'),(188,'2016-06-11'),(189,'2016-06-18'),(190,'2016-10-01'),(191,'2016-10-08'),(192,'2016-10-15'),(193,'2016-10-22'),(194,'2016-10-29'),(195,'2016-11-05'),(196,'2016-11-12'),(197,'2016-11-19'),(198,'2016-11-26'),(199,'2016-12-03'),(200,'2017-01-07'),(201,'2017-01-14'),(202,'2017-01-21'),(203,'2017-01-28'),(204,'2017-02-04'),(205,'2017-02-11'),(206,'2017-02-18'),(207,'2017-02-25'),(208,'2017-03-04'),(209,'2017-03-11'),(210,'2017-03-18'),(211,'2017-03-25'),(212,'2017-04-01'),(213,'2017-04-08'),(214,'2017-04-22'),(215,'2017-04-29'),(216,'2017-05-06'),(217,'2017-05-13'),(218,'2017-05-27'),(219,'2017-06-03'),(220,'2017-06-10'),(221,'2017-06-17'),(222,'2017-06-24'),(223,'2017-10-07'),(224,'2017-10-14'),(225,'2017-10-21'),(226,'2017-10-28'),(227,'2017-11-04'),(228,'2017-11-11'),(229,'2017-11-18'),(230,'2017-11-25'),(231,'2017-12-02'),(232,'2017-12-09'),(233,'2017-12-30'),(234,'2018-01-06'),(235,'2018-01-13'),(236,'2018-01-20'),(237,'2018-01-27'),(238,'2018-02-03'),(239,'2018-02-10'),(240,'2018-02-17'),(241,'2018-02-24'),(242,'2018-03-03'),(243,'2018-03-10'),(244,'2018-03-17'),(245,'2018-03-24'),(246,'2018-04-07'),(247,'2018-04-14'),(248,'2018-04-21'),(249,'2018-04-28'),(250,'2018-05-05'),(251,'2018-05-12'),(252,'2018-05-19');
/*!40000 ALTER TABLE `list_info` ENABLE KEYS */;
UNLOCK TABLES;

--
-- Table structure for table `movie`
--

DROP TABLE IF EXISTS `movie`;
/*!40101 SET @saved_cs_client     = @@character_set_client */;
/*!40101 SET character_set_client = utf8 */;
CREATE TABLE `movie` (
  `id` bigint(20) NOT NULL,
  `title` varchar(255) COLLATE utf8_polish_ci DEFAULT NULL,
  `first_time_in_list_no_of_list` int(11) DEFAULT NULL,
  PRIMARY KEY (`id`),
  KEY `FKjlcr13o9srw4n0vbah2lnqg2r` (`first_time_in_list_no_of_list`)
) ENGINE=MyISAM DEFAULT CHARSET=utf8 COLLATE=utf8_polish_ci;
/*!40101 SET character_set_client = @saved_cs_client */;

--
-- Dumping data for table `movie`
--

LOCK TABLES `movie` WRITE;
/*!40000 ALTER TABLE `movie` DISABLE KEYS */;
INSERT INTO `movie` VALUES (1,'Marzyciel',0),(5,'Porozmawiaj z nią',0),(9,'Powrót do przyszłości',0),(13,'Gwiezdne wojny',0),(17,'Władca Pierścieni - Drużyna Pierścienia',0),(21,'Księżniczka Mononoke',0),(25,'Trzy kolory: Biały',0),(29,'Kate i Leopold',0),(33,'Misja',0),(37,'Rydwany ognia',0),(41,'Wydział Rosja',0),(45,'Ojciec chrzestny',0),(49,'Śniadanie u Tiffaniego',0),(53,'Jak wytresować smoka',0),(57,'Bandyta',0),(61,'Gran Torino',0),(66,'Dobry, zły i brzydki',0),(69,'Gladiator',0),(73,'W samo południe',0),(77,'Slumdog - Milioner z ulicy',0),(86,'Piraci z Karaibów - Na nieznanych wodach',1),(91,'Królowa Margot',1),(98,'Dzieci Sancheza',1),(106,'Notting Hill',1),(111,'Żyje się tylko dwa razy',1),(115,'Fortepian',2),(126,'Avatar',2),(130,'Pożegnanie z Afryką',2),(134,'American Beauty',2),(142,'Mulholland Drive',2),(146,'Braveheart - Waleczne serce',2),(150,'Pulp Fiction',2),(155,'Różyczka',3),(158,'Król Lew',3),(170,'Policjanci z Miami',3),(174,'Dziecko Rosemary',3),(178,'Kill Bill vol. 1',3),(183,'Pachnidło',3),(195,'Podwójne życie Weroniki',4),(199,'Czas honoru',4),(207,'Pan od muzyki',4),(218,'Taksówkarz',4),(222,'Afera Thomasa Crowna',4),(226,'Drzewo życia',4),(230,'Szeregowiec Ryan',4),(238,'Sztuczki',5),(248,'Polskie drogi',5),(253,'Łowca jeleni',5),(261,'Brzuch architekta',5),(266,'Love Story',5),(273,'Forrest Gump',6),(277,'Pasja',6),(291,'Królestwo niebieskie',6),(301,'Incepcja',7),(305,'Poszukiwacze zaginionej Arki',7),(310,'Prawo i pięść',7),(322,'Rain Man',7),(333,'Lista Schindlera',8),(340,'Miasteczko Twin Peaks',8),(351,'Pina',8),(356,'Stawka większa niż życie',8),(363,'Tron - dziedzictwo',8),(368,'Ostatni Mohikanin',9),(384,'Różowa pantera',9),(388,'Madagaskar 2',9),(393,'Okręt',9),(397,'Pogoda na jutro',9),(401,'Aleksander',9),(406,'Władca Pierścieni - Powrót Króla',10),(417,'Mgły Avalonu',10),(425,'Tylko Manhattan',10),(429,'Listy do M.',10),(434,'Miasteczko Halloween',10),(440,'Alicja w krainie czarów',11),(444,'Maddalena',11),(447,'Czekolada',11),(461,'Casablanca',11),(470,'Wierny ogrodnik',12),(479,'Dowody zbrodni',12),(489,'Wyznania gejszy',12),(500,'Ostrożnie, pożądanie',13),(507,'Dom',13),(531,'Zatańcz ze mną',14),(540,'Closer',14),(549,'Opowieści z Narnii - Lew, Czarownica i Stara Szafa',14),(552,'Jan Serce',14),(556,'Amelia',15),(563,'Kroniki portowe',15),(567,'Źródło',15),(585,'Requiem dla snu',16),(594,'Pan Tadeusz',16),(602,'Transformers',16),(606,'Przystanek Alaska',16),(619,'Edward Nożycoręki',17),(624,'Robin z Sherwood',17),(652,'Piraci z Karaibów - Klątwa Czarnej Perły',18),(657,'Piękna i bestia',18),(665,'Dom latających sztyletów',18),(669,'Kikujiro',18),(674,'Troja',19),(678,'Noce i dnie',19),(681,'O Angliku który wszedł na wzgórze ale zszedł z góry',19),(689,'Sherlock Holmes - Gra cieni',19),(693,'Kot w butach',19),(709,'Zapach kobiety',20),(723,'Helikopter w ogniu',20),(730,'Trędowata',20),(734,'Polowanie na Czerwony Październik',20),(745,'Cinema Paradiso',21),(749,'Przygody Pana Michała',21),(767,'Harry Potter i Komnata Tajemnic',22),(775,'Życie jest piękne',22),(780,'Uwierz w ducha',22),(786,'Słodki listopad',22),(794,'Vicky Cristina Barcelona',22),(798,'Moulin Rouge',23),(807,'Władca Pierścieni - Dwie Wieże',23),(811,'The Bodyguard',23),(824,'Hair',23),(832,'300 mil do nieba',24),(847,'Karmazynowy przypływ',24),(859,'Absolwent',25),(869,'Romeo i Julia',25),(878,'Łowca androidów',25),(882,'Janosik',25),(891,'Desperado',26),(909,'Tajemniczy ogród',26),(912,'Samotność w sieci',26),(918,'Gwiezdne wojny - Imperium kontratakuje',27),(925,'Piraci z Karaibów - Na krańcu świata',27),(954,'Pornografia',28),(972,'Ostatnie kuszenie Chrystusa',29),(983,'Duma i uprzedzenie',29),(990,'Leon Zawodowiec',30),(1006,'Titanic',30),(1029,'Nietykalni',31),(1038,'Dziewiąte wrota',31),(1055,'Dawno temu w Ameryce',32),(1058,'W.E.',32),(1061,'Arizona Dream',32),(1066,'Brazil',32),(1082,'K-PAX',33),(1086,'Park Jurajski',33),(1098,'Czas apokalipsy',33),(1106,'Nieśmiertelny',34),(1121,'Piraci z Karaibów - Skrzynia Umarlaka',34),(1134,'Smuga cienia',35),(1150,'Z archiwum X',35),(1158,'Kryminalni',36),(1175,'Lawrence z Arabii',36),(1183,'Żywot Briana',37),(1187,'Wichry namiętności',37),(1193,'Dziewczyna z perłą',37),(1200,'Casino Royale',37),(1218,'Cienka czerwona linia',38),(1225,'Dinosaur',38),(1235,'Spirited Away - W krainie bogów',38),(1241,'Makrokosmos',39),(1253,'Thelma i Louise',39),(1262,'Gwiezdne wojny - Atak Klonów',39),(1267,'Toy Story 2',39),(1282,'Ziemia obiecana',40),(1285,'Infiltracja',40),(1294,'Jan Paweł II - Szukałem Was',40),(1298,'Jasminum',40),(1302,'Idy marcowe',40),(1319,'The Holiday',41),(1323,'Na szlaku Alleluja',41),(1330,'Królewna Śnieżka i Łowca',41),(1346,'Labirynt Fauna',42),(1350,'Samotny mężczyzna',42),(1354,'1920 Bitwa Warszawska',42),(1363,'Harry Potter i Insygnia Śmierci cz. II',43),(1373,'La Vien En Rose',43),(1381,'Saga Zmierzch: Przed świtem 1',43),(1387,'Igrzyska śmierci',43),(1393,'Gra o tron',44),(1401,'Mroczny Rycerz powstaje',44),(1410,'Buena Vista Social Club',44),(1416,'Za garść dolarów',44),(1422,'Deszczowa piosenka',44),(1430,'Skyfall',45),(1450,'Merida Waleczna',45),(1458,'Ostatni samuraj',46),(1471,'Indiana Jones i Królestwo Kryształowej Czaszki',46),(1477,'Pusty dom',46),(1487,'Baraka',47),(1504,'Ray',47),(1512,'1492: Wyprawa do raju',48),(1521,'Zmiennicy',48),(1525,'Sherlock Holmes',48),(1534,'The Social Network',48),(1547,'Dexter',49),(1564,'Kołysanka',49),(1567,'Goldeneye',49),(1588,'Peter Gunn',50),(1596,'To właśnie miłość',50),(1610,'Sherlock',51),(1617,'Lalka',51),(1620,'Czysta krew',51),(1627,'Atlas chmur',51),(1650,'Miasto Aniołów',52),(1656,'Hobbit - Niezwykła podróż',53),(1671,'Upiór w operze',53),(1678,'Star Trek',53),(1684,'Ekspres polarny',54),(1701,'Harry Potter i Kamień Filozoficzny',54),(1717,'Bogowie ulicy',55),(1749,'Misja Afganistan',56),(1752,'New York, New York',56),(1774,'Czasem słońce, czasem deszcz',57),(1778,'I\'m Not There',57),(1783,'Kochankowie z Księżyca - Moonrise Kingdom',57),(1788,'Filadelfia',58),(1804,'Frankenweenie Unleashed!',58),(1812,'Django',59),(1830,'Robin Hood',59),(1835,'Pod osłoną nieba',59),(1840,'X-Men: Pierwsza klasa',59),(1859,'Bękarty wojny',60),(1865,'Wehikuł czasu',60),(1868,'Nędznicy',60),(1886,'Sugar Man',61),(1894,'Emma',61),(1932,'Pearl Harbor',63),(1960,'Kapitan Carey U.S.A.',64),(1985,'Nieulotne',65),(1989,'Zaplątani',65),(2006,'Wiedźmin',66),(2015,'Trzej muszkieterowie',66),(2034,'Przygody Rabbiego Jakuba',67),(2042,'Baczyński',67),(2064,'Piękne istoty',68),(2091,'Spragnieni miłości',69),(2132,'Doctor Who',71),(2138,'Czarne chmury',71),(2155,'Wielki Gatsby',72),(2161,'Skóra, w której żyję',72),(2181,'Kariera Nikodema Dyzmy',73),(2187,'Vabank',73),(2191,'Saga Zmierzch: Zaćmienie',73),(2234,'Niepamięć',75),(2258,'Dziewczyna z tatuażem',76),(2261,'Gwiezdne wojny - Zemsta Sithów',76),(2284,'Pocahontas',77),(2314,'Ojciec Mateusz',78),(2333,'Iron Man 3',79),(2340,'Mój przyjaciel Hachico',79),(2366,'Kochaj i tańcz',81),(2387,'Ruchomy zamek Hauru',81),(2407,'Gra o tron (sezon 2)',82),(2430,'Oszukane',83),(2434,'Man of Steel',83),(2455,'Jeździec znikąd',84),(2475,'Matrix: Reaktywacja',85),(2499,'Dirty Dancing',86),(2503,'Psy',86),(2506,'Trans',86),(2511,'Wszystkie kobiety Mateusza',86),(2532,'Gnijąca panna młoda',87),(2536,'House Of Cards',87),(2548,'Była sobie dziewczyna',88),(2558,'The Wolverine',88),(2562,'Alternatywy 4',88),(2566,'Grawitacja',88),(2588,'Filary Ziemi',89),(2594,'Breaking Bad',89),(2614,'Matnia',90),(2618,'Conan Barbarzyńca',90),(2621,'Gangi Nowego Jorku',90),(2627,'Potop',91),(2632,'Chce się żyć',91),(2641,'Wyścig',91),(2647,'Ogniem i mieczem',91),(2651,'Wielkie nadzieje',91),(2656,'Mała Miss',91),(2675,'Papusza',92),(2680,'Osada',92),(2703,'Grek Zorba',93),(2708,'Koneser',93),(2736,'Hobbit - Pustkowie Smauga',95),(2750,'Młode wilki',95),(2760,'Toy Story',95),(2779,'Spider-Man 2',96),(2796,'Igrzyska śmierci: W pierścieniu ognia',97),(2808,'Frozen - Kraina lodu',97),(2815,'Aberdeen',97),(2836,'Złote czasy radia',98),(2840,'Pieśniarz Warszawy',98),(2846,'Koniec defilady',98),(2862,'Hero',99),(2873,'Gorączka sobotniej nocy',99),(2897,'Sekretne życie Waltera Mitty',100),(2902,'Cudowne lata',100),(2906,'Kevin sam w domu',100),(2929,'Tango',101),(2935,'Ratatuj',101),(2940,'Minionki rozrabiają',102),(2989,'Jack Strong',103),(3006,'Pacific Rim',104),(3010,'Czarny kot, biały kot',104),(3016,'Emmanuelle',104),(3030,'Mandela - Long Walk to Freedom',105),(3041,'Kamienie na szaniec',105),(3067,'Wyspa',106),(3071,'True Detective',106),(3094,'Cwaniak',107),(3119,'Ona',108),(3126,'Złodziejka książek',108),(3136,'Powrót Różowej Pantery',109),(3139,'Wzgórze nadziei',109),(3153,'47 roninów',109),(3174,'Jeden dzień',110),(3177,'Co jest grane, Davis?',110),(3200,'300 - Początek imperium',111),(3215,'Pompeje',112),(3219,'The Grand Budapest Hotel',112),(3232,'Nie lubię poniedziałku',112),(3261,'Patriota',113),(3284,'Niesamowity Spider-Man 2',114),(3300,'Wieczór',115),(3305,'Biblia',115),(3310,'Jack Ryan: Teoria chaosu',115),(3324,'Most na rzece Kwai',116),(3330,'Stowarzyszenie umarłych poetów',116),(3340,'Dlaczego nie!',116),(3360,'Jerry Maguire',117),(3364,'Kobieta i mężczyzna',117),(3373,'Butch Cassidy i Sundance Kid',118),(3385,'Czarnoksiężnik z krainy Oz',118),(3396,'Czarownica',118),(3401,'WALL-E',118),(3407,'Powstanie Warszawskie',119),(3419,'X Men: Przeszłość, która nadejdzie',119),(3427,'Babel',119),(3431,'Jutro nie umiera nigdy',119),(3448,'Podróż za jeden uśmiech',120),(3451,'Król Artur',120),(3512,'Once',123),(3604,'Underground',127),(3629,'Frantic',128),(3643,'Interstellar',128),(3667,'Hobbit - Bitwa Pięciu Armii',130),(3680,'W tajnej służbie Jej Królewskiej Mości',130),(3684,'Pani z przedszkola',130),(3712,'Bagdad Cafe',131),(3726,'Licencja na zabijanie',131),(3745,'Good Morning, Vietnam',132),(3752,'Tańczący z wilkami',132),(3756,'Igrzyska śmierci: Kosogłos. Część 1',133),(3763,'Gra tajemnic',133),(3792,'Goldfinger',134),(3817,'Zawodowiec',135),(3821,'Bogowie',135),(3827,'Wielkie oczy',135),(3907,'Przyczajony tygrys, ukryty smok',139),(3925,'Mission Impossible',140),(3942,'Zacznijmy od nowa',141),(3963,'Selma',141),(3975,'Mój Nikifor',142),(4001,'Wataha',143),(4074,'Północ - Południe',146),(4078,'Kopciuszek',146),(4110,'Jurassic Park',148),(4131,'Detektyw',149),(4136,'Top Gun',149),(4147,'Rocky',149),(4199,'Pokuta',152),(4256,'Kabaret',155),(4267,'Mały Książę',155),(4273,'Downton Abbey',155),(4285,'Ida',156),(4299,'The Borgias',156),(4330,'Z dala od zgiełku',158),(4336,'Wikingowie: Sezon 3',158),(4393,'Spectre',160),(4481,'Człowiek z żelaza',165),(4544,'Excentrycy czyli po słonecznej stronie ulicy',167),(4554,'E.T.',168),(4557,'Emanuelle',168),(4597,'Nienawistna Ósemka',170),(4603,'Gwiezdne wojny - Przebudzenie mocy',170),(4640,'Marsjanin',171),(4704,'Kraina lodu',174),(4741,'Mad Max: Pod Kopułą Gromu',176),(4802,'Steve Jobs',179),(4853,'Zjawa',182),(4864,'Carol',182),(4911,'Batman v Superman: Świt sprawiedliwości',184),(4960,'#Wszystko gra',186),(5038,'Boska Florence',190),(5047,'Zabójcza broń',190),(5069,'Ostatnia rodzina',191),(5094,'Inferno',193),(5098,'Sługi Boże',193),(5134,'Dziewczyna z pociągu',194),(5179,'Bliżej',196),(5200,'The Hunt',197),(5218,'Fantastyczne zwierzęta i jak je znaleźć',198),(5227,'Światło między oceanami',198),(5247,'Siedmiu wspaniałych',199),(5336,'Zwierzęta nocy',204),(5339,'La La Land',204),(5348,'Nagi instynkt',204),(5465,'Godziny',209),(5487,'A Prominent Patient',210),(5568,'Przeminęło z wiatrem',214),(5618,'Logan',217),(5697,'Wonder Woman',220),(5741,'Niekończąca się opowieść',223),(5746,'Dunkierka',223),(5764,'Twój Vincent',223),(5769,'Człowiek z magicznym pudełkiem',223),(5773,'Blade Runner 2049',224),(5801,'Penny Dreadful',225),(5817,'Król Artur: Legenda miecza',225),(5885,'Fargo',229),(5998,'Pinokio',234),(6008,'The Crown',235),(6014,'Gwiezdne wojny - Ostatni Jedi',235),(6034,'Osiem i pół',236),(6041,'Król rozrywki',236),(6087,'Plan B',238),(6092,'Kształt wody',238),(6110,'Tamte dni, tamte noce',239),(6119,'Morderstwo w Orient Expressie',239),(6124,'Czwarta władza',239),(6140,'Coco',240),(6264,'Pokot',246),(6348,'Kruk. Szepty słychać po zmroku',250);
/*!40000 ALTER TABLE `movie` ENABLE KEYS */;
UNLOCK TABLES;

--
-- Table structure for table `song`
--

DROP TABLE IF EXISTS `song`;
/*!40101 SET @saved_cs_client     = @@character_set_client */;
/*!40101 SET character_set_client = utf8 */;
CREATE TABLE `song` (
  `id` bigint(20) NOT NULL,
  `cover_link` varchar(255) COLLATE utf8_polish_ci DEFAULT NULL,
  `title` varchar(255) COLLATE utf8_polish_ci DEFAULT NULL,
  `first_time_in_list_no_of_list` int(11) DEFAULT NULL,
  `movie_id` bigint(20) DEFAULT NULL,
  PRIMARY KEY (`id`),
  KEY `FKhek7rgttfrodhvl8a61y4y9wj` (`first_time_in_list_no_of_list`),
  KEY `FK69ibt12n7cdrhxmbjpr3qgcax` (`movie_id`)
) ENGINE=MyISAM DEFAULT CHARSET=utf8 COLLATE=utf8_polish_ci;
/*!40101 SET character_set_client = @saved_cs_client */;

--
-- Dumping data for table `song`
--

LOCK TABLES `song` WRITE;
/*!40000 ALTER TABLE `song` DISABLE KEYS */;
INSERT INTO `song` VALUES (3,'http://static.rmf.pl/rmf_classic/lista/utwor22.jpg','The Park On Piano',0,1),(7,'http://static.rmf.pl/rmf_classic/lista/utwor34.jpg','Cucurrucucu Paloma',0,5),(11,'http://static.rmf.pl/rmf_classic/lista/utwor43.jpg','Theme',0,9),(15,'http://static.rmf.pl/rmf_classic/lista/utwor35.jpg','Main Title',0,13),(19,'http://static.rmf.pl/rmf_classic/lista/utwor31.jpg','Bridge Of Khazad Dum',0,17),(23,'http://static.rmf.pl/rmf_classic/lista/utwor42.jpg','The Legend Of Ashitaka',0,21),(27,'http://static.rmf.pl/rmf_classic/lista/utwor28.jpg','Tango',0,25),(31,'http://static.rmf.pl/rmf_classic/lista/utwor41.jpg','Until',0,29),(35,'http://static.rmf.pl/rmf_classic/lista/utwor39.jpg','Gabriel\'s Oboe',0,33),(39,'http://static.rmf.pl/rmf_classic/lista/utwor33.jpg','Main Title',0,37),(43,'http://static.rmf.pl/rmf_classic/lista/utwor37.jpg','Alone In The World',0,41),(47,'http://static.rmf.pl/rmf_classic/lista/utwor30.jpg','Love Theme',0,45),(51,'http://static.rmf.pl/rmf_classic/lista/utwor40.jpg','Moon River',0,49),(55,'http://static.rmf.pl/rmf_classic/lista/utwor27.jpg','See You Tomorrow',0,53),(59,'http://static.rmf.pl/rmf_classic/lista/utwor24.jpg','Powrót',0,57),(64,'http://static.rmf.pl/rmf_classic/lista/utwor38.jpg','Gran Torino',0,61),(67,'http://static.rmf.pl/rmf_classic/lista/utwor26.jpg','Main Title',0,66),(71,'http://static.rmf.pl/rmf_classic/lista/utwor36.jpg','Now We Are Free',0,69),(75,'http://static.rmf.pl/rmf_classic/lista/utwor32.jpg','Solo Ante El Peligro',0,73),(79,'http://static.rmf.pl/rmf_classic/lista/utwor29.jpg','Latika\'s Theme',0,77),(87,'http://static.rmf.pl/rmf_classic/lista/utwor14.jpg','End Credits',1,86),(93,'http://static.rmf.pl/rmf_classic/lista/utwor17.jpg','Lullaby',1,91),(100,'http://static.rmf.pl/rmf_classic/lista/utwor25.jpg','Finale',1,98),(108,'http://static.rmf.pl/rmf_classic/lista/utwor15.jpg','She',1,106),(113,'http://static.rmf.pl/rmf_classic/lista/utwor16.jpg','Theme',1,111),(117,'http://static.rmf.pl/rmf_classic/lista/utwor52.jpg','The heart Asks Pleasure First',2,115),(128,'http://static.rmf.pl/rmf_classic/lista/utwor46.jpg','Climbing Up Iknimaya - The Path To Heaven',2,126),(131,'http://static.rmf.pl/rmf_classic/lista/utwor49.jpg','Main title',2,130),(136,'http://static.rmf.pl/rmf_classic/lista/utwor47.jpg','Dead Already',2,134),(144,'http://static.rmf.pl/rmf_classic/lista/utwor44.jpg','The Beast',2,142),(147,'http://static.rmf.pl/rmf_classic/lista/utwor53.jpg','Main title',2,146),(152,'http://static.rmf.pl/rmf_classic/lista/utwor50.jpg','Misirlou',2,150),(156,'http://static.rmf.pl/rmf_classic/lista/utwor61.jpg','Wyjazd z Polski',3,155),(161,'http://static.rmf.pl/rmf_classic/lista/utwor64.jpg','Hakuna Matata',3,158),(172,'http://static.rmf.pl/rmf_classic/lista/utwor57.jpg','Crockett\'s Theme',3,170),(176,'http://static.rmf.pl/rmf_classic/lista/utwor63.jpg','Sleep Safe and Warm',3,174),(180,'http://static.rmf.pl/rmf_classic/lista/utwor56.jpg','The Lonely Sheperd',3,178),(187,'http://static.rmf.pl/rmf_classic/lista/utwor62.jpg','Streets of Paris',3,183),(196,'http://static.rmf.pl/rmf_classic/lista/utwor72.jpg','Les Marionnettes',4,195),(201,'http://static.rmf.pl/rmf_classic/lista/utwor67.jpg','Okupacja',4,199),(210,'http://static.rmf.pl/rmf_classic/lista/utwor71.jpg','Les Choristes/Morhange',4,207),(220,'http://static.rmf.pl/rmf_classic/lista/utwor73.jpg','Theme',4,218),(224,'http://static.rmf.pl/rmf_classic/lista/utwor66.jpg','Sinnerman',4,222),(228,'http://static.rmf.pl/rmf_classic/lista/utwor70.jpg','Motherhood',4,226),(231,'http://static.rmf.pl/rmf_classic/lista/utwor74.jpg','Hymn To The Fallen',4,230),(240,'http://static.rmf.pl/rmf_classic/lista/utwor84.jpg','Motor i dziewczyny (I. Werona, II. Bele, bela bionda)',5,238),(251,'http://static.rmf.pl/rmf_classic/lista/utwor83.jpg','Temat',5,248),(255,'http://static.rmf.pl/rmf_classic/lista/utwor81.jpg','Cavatina',5,253),(263,'http://static.rmf.pl/rmf_classic/lista/utwor79.jpg','4 Mains',5,261),(268,'http://static.rmf.pl/rmf_classic/lista/utwor75.jpg','Theme',5,266),(274,'http://static.rmf.pl/rmf_classic/lista/utwor92.jpg','Suita',6,273),(279,'http://static.rmf.pl/rmf_classic/lista/utwor88.jpg','Resurrection',6,277),(293,'http://static.rmf.pl/rmf_classic/lista/utwor94.jpg','Light of Life',6,291),(298,'http://static.rmf.pl/rmf_classic/lista/utwor85.jpg','Temat',6,66),(302,'http://static.rmf.pl/rmf_classic/lista/utwor104.jpg','Time',7,301),(306,'http://static.rmf.pl/rmf_classic/lista/utwor102.jpg','Theme',7,305),(314,'http://static.rmf.pl/rmf_classic/lista/utwor101.jpg','Nim wstanie dzień',7,310),(323,'http://static.rmf.pl/rmf_classic/lista/utwor103.jpg','Leaving Wallbrok / On the Road',7,322),(335,'http://static.rmf.pl/rmf_classic/lista/utwor111.jpg','Theme',8,333),(342,'http://static.rmf.pl/rmf_classic/lista/utwor114.jpg','Falling',8,340),(353,'http://static.rmf.pl/rmf_classic/lista/utwor105.jpg','Lillies of the Valley',8,351),(358,'http://static.rmf.pl/rmf_classic/lista/utwor113.jpg','Temat',8,356),(365,'http://static.rmf.pl/rmf_classic/lista/utwor109.jpg','End Titles',8,363),(371,'http://static.rmf.pl/rmf_classic/lista/utwor121.jpg','The Kiss',9,368),(386,'http://static.rmf.pl/rmf_classic/lista/utwor119.jpg','The Pink Panter Theme',9,384),(389,'http://static.rmf.pl/rmf_classic/lista/utwor120.jpg','Once Upon A Time In Africa',9,388),(395,'http://static.rmf.pl/rmf_classic/lista/utwor122.jpg','Heimkehr / Auslaufen',9,393),(399,'http://static.rmf.pl/rmf_classic/lista/utwor123.jpg','Nowy dzień',9,397),(402,'http://static.rmf.pl/rmf_classic/lista/utwor124.jpg','Across the Mountains',9,401),(408,'http://static.rmf.pl/rmf_classic/lista/utwor129.jpg','Into The West',10,406),(419,'http://static.rmf.pl/rmf_classic/lista/utwor128.jpg','The Mystic\'s Dream',10,417),(427,'http://static.rmf.pl/rmf_classic/lista/utwor134.jpg','Manhattan',10,425),(431,'http://static.rmf.pl/rmf_classic/lista/utwor133.jpg','Somewhere Over the Rainbow',10,429),(436,'http://static.rmf.pl/rmf_classic/lista/utwor127.jpg','What\'s This',10,434),(441,'http://static.rmf.pl/rmf_classic/lista/utwor144.jpg','Alice\'s Theme',11,440),(445,'http://static.rmf.pl/rmf_classic/lista/utwor136.jpg','Chi Mai',11,444),(449,'http://static.rmf.pl/rmf_classic/lista/utwor137.jpg','Vianne Sets Up Shop',11,447),(463,'http://static.rmf.pl/rmf_classic/lista/utwor135.jpg','As Time Goes By',11,461),(473,'http://static.rmf.pl/rmf_classic/lista/utwor148.jpg','Kothbiro',12,470),(481,'http://static.rmf.pl/rmf_classic/lista/utwor151.jpg','Nara',12,479),(490,'http://static.rmf.pl/rmf_classic/lista/utwor149.jpg','Sayuri\'s Theme And End Credits',12,489),(501,'http://static.rmf.pl/rmf_classic/lista/utwor154.jpg','Wong Chia Chi\'s Theme',13,500),(505,'http://static.rmf.pl/rmf_classic/lista/utwor158.jpg','Bang, Bang',13,178),(509,'http://static.rmf.pl/rmf_classic/lista/utwor160.jpg','Dom',13,507),(533,'http://static.rmf.pl/rmf_classic/lista/utwor169.jpg','The Book Of Love',14,531),(542,'http://static.rmf.pl/rmf_classic/lista/utwor163.jpg','The Blower\'s Daughter',14,540),(550,'http://static.rmf.pl/rmf_classic/lista/utwor168.jpg','Father Christmas',14,549),(554,'http://static.rmf.pl/rmf_classic/lista/utwor164.jpg','Uciekaj moje serce',14,552),(558,'http://static.rmf.pl/rmf_classic/lista/utwor172.jpg','La Valse d\'Amelie',15,556),(565,'http://static.rmf.pl/rmf_classic/lista/utwor179.jpg','Shipping News',15,563),(569,'http://static.rmf.pl/rmf_classic/lista/utwor180.jpg','Together We Will Live Forever',15,567),(586,'http://static.rmf.pl/rmf_classic/lista/utwor183.jpg','Lux Aeterna',16,585),(596,'http://static.rmf.pl/rmf_classic/lista/utwor188.jpg','Polonez',16,594),(604,'http://static.rmf.pl/rmf_classic/lista/utwor185.jpg','Arrival To Earth',16,602),(608,'http://static.rmf.pl/rmf_classic/lista/utwor182.jpg','Theme',16,606),(620,'http://static.rmf.pl/rmf_classic/lista/utwor190.jpg','The End',17,619),(626,'http://static.rmf.pl/rmf_classic/lista/utwor192.jpg','Together We',17,624),(654,'http://static.rmf.pl/rmf_classic/lista/utwor205.jpg','Will and Elizabeth',18,652),(661,'http://static.rmf.pl/rmf_classic/lista/utwor202.jpg','Beauty and The Beast',18,657),(667,'http://static.rmf.pl/rmf_classic/lista/utwor203.jpg','Lovers',18,665),(670,'http://static.rmf.pl/rmf_classic/lista/utwor204.jpg','Summer',18,669),(676,'http://static.rmf.pl/rmf_classic/lista/utwor216.jpg','Remember',19,674),(679,'http://static.rmf.pl/rmf_classic/lista/utwor212.jpg','Walc',19,678),(683,'http://static.rmf.pl/rmf_classic/lista/utwor211.jpg','Tommy Two Strokes',19,681),(690,'http://static.rmf.pl/rmf_classic/lista/utwor214.jpg','He\'s All Me Me Me',19,689),(695,'http://static.rmf.pl/rmf_classic/lista/utwor209.jpg','Diablo Rojo',19,693),(711,'http://static.rmf.pl/rmf_classic/lista/utwor219.jpg','Por Una Cabeza',20,709),(726,'http://static.rmf.pl/rmf_classic/lista/utwor217.jpg','Gortoz A Ran',20,723),(731,'http://static.rmf.pl/rmf_classic/lista/utwor221.jpg','Walc',20,730),(736,'http://static.rmf.pl/rmf_classic/lista/utwor224.jpg','Hymn to Red October',20,734),(746,'http://static.rmf.pl/rmf_classic/lista/utwor229.jpg','Maturity',21,745),(751,'http://static.rmf.pl/rmf_classic/lista/utwor226.jpg','W stepie szerokim',21,749),(768,'http://static.rmf.pl/rmf_classic/lista/utwor237.jpg','Harry\'s Wondorous World',22,767),(777,'http://static.rmf.pl/rmf_classic/lista/utwor238.jpg','La Vita E Bella',22,775),(782,'http://static.rmf.pl/rmf_classic/lista/utwor239.jpg','Unchained Melody',22,780),(788,'http://static.rmf.pl/rmf_classic/lista/utwor242.jpg','Only Time',22,786),(796,'http://static.rmf.pl/rmf_classic/lista/utwor241.jpg','Barcelona',22,794),(800,'http://static.rmf.pl/rmf_classic/lista/utwor249.jpg','El Tango De Roxanne',23,798),(808,'http://static.rmf.pl/rmf_classic/lista/utwor252.jpg','Gollum\'s Song',23,807),(813,'http://static.rmf.pl/rmf_classic/lista/utwor244.jpg','I Will Always Love You',23,811),(828,'http://static.rmf.pl/rmf_classic/lista/utwor245.jpg','Aquarius / Let the Sunshine In',23,824),(833,'http://static.rmf.pl/rmf_classic/lista/utwor261.jpg','Droga',24,832),(844,'http://static.rmf.pl/rmf_classic/lista/utwor258.jpg','Czas honoru',24,199),(848,'http://static.rmf.pl/rmf_classic/lista/utwor260.jpg','Roll Tide',24,847),(862,'http://static.rmf.pl/rmf_classic/lista/utwor265.jpg','The Sound Of Silence',25,859),(870,'http://static.rmf.pl/rmf_classic/lista/utwor264.jpg','Epilogue',25,869),(879,'http://static.rmf.pl/rmf_classic/lista/utwor269.jpg','Love Theme',25,878),(883,'http://static.rmf.pl/rmf_classic/lista/utwor256.jpg','Janosik',25,882),(885,'http://static.rmf.pl/rmf_classic/lista/utwor270.jpg','Meeting Laura',25,183),(894,'http://static.rmf.pl/rmf_classic/lista/utwor272.jpg','Cancion Del Mariachi',26,891),(910,'http://static.rmf.pl/rmf_classic/lista/utwor271.jpg','Jardin d\'Ete',26,909),(914,'http://static.rmf.pl/rmf_classic/lista/utwor274.jpg','Prelude 13',26,912),(919,'http://static.rmf.pl/rmf_classic/lista/utwor284.jpg','The Imperial March',27,918),(923,'http://static.rmf.pl/rmf_classic/lista/utwor281.jpg','Gabriel\'s Oboe / Falls',27,33),(926,'http://static.rmf.pl/rmf_classic/lista/utwor285.jpg','One Day',27,925),(956,'http://static.rmf.pl/rmf_classic/lista/utwor289.jpg','Temat',28,954),(973,'http://static.rmf.pl/rmf_classic/lista/utwor296.jpg','The Feeling Begins',29,972),(985,'http://static.rmf.pl/rmf_classic/lista/utwor293.jpg','Georgiana / Arrival At Netherfield',29,983),(991,'http://static.rmf.pl/rmf_classic/lista/utwor305.jpg','Shape of My Heart',30,990),(1000,'http://static.rmf.pl/rmf_classic/lista/utwor313.jpg','Krąg życia',30,158),(1007,'http://static.rmf.pl/rmf_classic/lista/utwor311.jpg','Portrait',30,1006),(1031,'http://static.rmf.pl/rmf_classic/lista/utwor310.jpg','Fly',31,1029),(1040,'http://static.rmf.pl/rmf_classic/lista/utwor318.jpg','Wokaliza',31,1038),(1056,'http://static.rmf.pl/rmf_classic/lista/utwor329.jpg','Cockey\'s Theme',32,1055),(1059,'http://static.rmf.pl/rmf_classic/lista/utwor276.jpg','Charms',32,1058),(1063,'http://static.rmf.pl/rmf_classic/lista/utwor333.jpg','In The Deathcar',32,1061),(1069,'http://static.rmf.pl/rmf_classic/lista/utwor312.jpg','Opus Brazil',32,1066),(1084,'http://static.rmf.pl/rmf_classic/lista/utwor342.jpg','Grand Central',33,1082),(1087,'http://static.rmf.pl/rmf_classic/lista/utwor335.jpg','Theme From Jurassic Park',33,1086),(1089,'http://static.rmf.pl/rmf_classic/lista/utwor330.jpg','Forgotten Overture',33,1),(1100,'http://static.rmf.pl/rmf_classic/lista/utwor323.jpg','Cwał Walkirii',33,1098),(1108,'http://static.rmf.pl/rmf_classic/lista/utwor346.jpg','Who Wants to Live Forever',34,1106),(1111,'http://static.rmf.pl/rmf_classic/lista/utwor349.jpg','I Will Find You',34,368),(1119,'http://static.rmf.pl/rmf_classic/lista/utwor344.jpg','Scarborough Fair',34,859),(1122,'http://static.rmf.pl/rmf_classic/lista/utwor350.jpg','Jack Sparrow',34,1121),(1129,'http://static.rmf.pl/rmf_classic/lista/utwor359.jpg','Powrót',35,199),(1135,'http://static.rmf.pl/rmf_classic/lista/utwor355.jpg','Temat',35,1134),(1141,'http://static.rmf.pl/rmf_classic/lista/utwor362.jpg','Mombasa',35,301),(1152,'http://static.rmf.pl/rmf_classic/lista/utwor321.jpg','Temat',35,1150),(1160,'http://static.rmf.pl/rmf_classic/lista/utwor373.jpg','Czołówka',36,1158),(1177,'http://static.rmf.pl/rmf_classic/lista/utwor347.jpg','Theme',36,1175),(1185,'http://static.rmf.pl/rmf_classic/lista/utwor377.jpg','Always Look on the Bright Side of Life',37,1183),(1188,'http://static.rmf.pl/rmf_classic/lista/utwor381.jpg','The Ludlows',37,1187),(1194,'http://static.rmf.pl/rmf_classic/lista/utwor375.jpg','Griet\'s Theme',37,1193),(1202,'http://static.rmf.pl/rmf_classic/lista/utwor372.jpg','I\'m The Money / City of Lovers',37,1200),(1219,'http://static.rmf.pl/rmf_classic/lista/utwor370.jpg','Light',38,1218),(1227,'http://static.rmf.pl/rmf_classic/lista/utwor392.jpg','The Courtship',38,1225),(1236,'http://static.rmf.pl/rmf_classic/lista/utwor364.jpg','Reprise',38,1235),(1239,'http://static.rmf.pl/rmf_classic/lista/utwor391.jpg','Sleep Safe and Warm',38,174),(1243,'http://static.rmf.pl/rmf_classic/lista/utwor403.jpg','To Be By Your Side',39,1241),(1254,'http://static.rmf.pl/rmf_classic/lista/utwor396.jpg','Thunderbird',39,1253),(1263,'http://static.rmf.pl/rmf_classic/lista/utwor395.jpg','Across the Stars (Love theme)',39,1262),(1270,'http://static.rmf.pl/rmf_classic/lista/utwor397.jpg','When She Loved Me',39,1267),(1283,'http://static.rmf.pl/rmf_classic/lista/utwor406.jpg','Walc',40,1282),(1286,'http://static.rmf.pl/rmf_classic/lista/utwor336.jpg','Cops or Criminals',40,1285),(1289,'http://static.rmf.pl/rmf_classic/lista/utwor382.jpg','To Zucchabar',40,69),(1291,'http://static.rmf.pl/rmf_classic/lista/utwor389.jpg','Hable Con Ella',40,5),(1295,'http://static.rmf.pl/rmf_classic/lista/utwor390.jpg','Sanctus',40,1294),(1299,'http://static.rmf.pl/rmf_classic/lista/utwor384.jpg','Temat główny',40,1298),(1303,'http://static.rmf.pl/rmf_classic/lista/utwor367.jpg','The Candidate',40,1302),(1305,'http://static.rmf.pl/rmf_classic/lista/utwor414.jpg','Concerning Hobbits',41,17),(1320,'http://static.rmf.pl/rmf_classic/lista/utwor401.jpg','Maestro',41,1319),(1325,'http://static.rmf.pl/rmf_classic/lista/utwor368.jpg','Overture',41,1323),(1331,'http://static.rmf.pl/rmf_classic/lista/utwor365.jpg','Snow White',41,1330),(1348,'http://static.rmf.pl/rmf_classic/lista/utwor427.jpg','The Labyrinth',42,1346),(1351,'http://static.rmf.pl/rmf_classic/lista/utwor421.jpg','Daydreams',42,1350),(1356,'http://static.rmf.pl/rmf_classic/lista/utwor426.jpg','Romanza',42,1354),(1364,'http://static.rmf.pl/rmf_classic/lista/utwor436.jpg','Lily\'s Theme',43,1363),(1375,'http://static.rmf.pl/rmf_classic/lista/utwor434.jpg','La Vien En Rose',43,1373),(1383,'http://static.rmf.pl/rmf_classic/lista/utwor412.jpg','A Nova Vida',43,1381),(1389,'http://static.rmf.pl/rmf_classic/lista/utwor433.jpg','Tomorrow Will Be Kinder',43,1387),(1395,'http://static.rmf.pl/rmf_classic/lista/utwor443.jpg','Main Title',44,1393),(1399,'http://static.rmf.pl/rmf_classic/lista/utwor445.jpg','Taniec Eleny',44,57),(1402,'http://static.rmf.pl/rmf_classic/lista/utwor439.jpg','Why Do We Fall?',44,1401),(1412,'http://static.rmf.pl/rmf_classic/lista/utwor442.jpg','Chan Chan',44,1410),(1417,'http://static.rmf.pl/rmf_classic/lista/utwor441.jpg','Per Un Pugno Di Dollari / Overture',44,1416),(1426,'http://static.rmf.pl/rmf_classic/lista/utwor428.jpg','Good Morning',44,1422),(1432,'http://static.rmf.pl/rmf_classic/lista/utwor448.jpg','Skyfall',45,1430),(1452,'http://static.rmf.pl/rmf_classic/lista/utwor438.jpg','Fate And Destiny/Merida\'s Home',45,1450),(1459,'http://static.rmf.pl/rmf_classic/lista/utwor460.jpg','The Way of the Sword',46,1458),(1472,'http://static.rmf.pl/rmf_classic/lista/utwor461.jpg','Raiders March',46,1471),(1479,'http://static.rmf.pl/rmf_classic/lista/utwor459.jpg','Gafsa',46,1477),(1489,'http://static.rmf.pl/rmf_classic/lista/utwor463.jpg','The Host of Seraphim',47,1487),(1497,'http://static.rmf.pl/rmf_classic/lista/utwor469.jpg','Minor Swing',47,447),(1506,'http://static.rmf.pl/rmf_classic/lista/utwor453.jpg','Hit The Road Jack',47,1504),(1513,'http://static.rmf.pl/rmf_classic/lista/utwor483.jpg','Conquest Of Paradise',48,1512),(1523,'http://static.rmf.pl/rmf_classic/lista/utwor479.jpg','Zmiennicy',48,1521),(1526,'http://static.rmf.pl/rmf_classic/lista/utwor484.jpg','Discombobulate',48,1525),(1538,'http://static.rmf.pl/rmf_classic/lista/utwor487.jpg','In The Hall Of The Mountaing King',48,1534),(1540,'http://static.rmf.pl/rmf_classic/lista/utwor473.jpg','A Quai',48,556),(1549,'http://static.rmf.pl/rmf_classic/lista/utwor490.jpg','Main Title',49,1547),(1565,'http://static.rmf.pl/rmf_classic/lista/utwor489.jpg','Kołysanka',49,1564),(1571,'http://static.rmf.pl/rmf_classic/lista/utwor493.jpg','Goldeneye',49,1567),(1589,'http://static.rmf.pl/rmf_classic/lista/utwor507.jpg','Theme',50,1588),(1593,'http://static.rmf.pl/rmf_classic/lista/utwor497.jpg','The Balcony Scene',50,869),(1598,'http://static.rmf.pl/rmf_classic/lista/utwor502.jpg','Both Sides Now',50,1596),(1612,'http://static.rmf.pl/rmf_classic/lista/utwor509.jpg','The Game Is On',51,1610),(1618,'http://static.rmf.pl/rmf_classic/lista/utwor513.jpg','Temat',51,1617),(1622,'http://static.rmf.pl/rmf_classic/lista/utwor498.jpg','Bad Things',51,1620),(1628,'http://static.rmf.pl/rmf_classic/lista/utwor510.jpg','Cloud Atlas End Title',51,1627),(1632,'http://static.rmf.pl/rmf_classic/lista/utwor521.jpg','Coming Back Around',52,53),(1651,'http://static.rmf.pl/rmf_classic/lista/utwor522.jpg','Angel',52,1650),(1658,'http://static.rmf.pl/rmf_classic/lista/utwor528.jpg','Song of the Lonely Mountain',53,1656),(1674,'http://static.rmf.pl/rmf_classic/lista/utwor537.jpg','The Music of The Night',53,1671),(1680,'http://static.rmf.pl/rmf_classic/lista/utwor524.jpg','Finale',53,1678),(1685,'http://static.rmf.pl/rmf_classic/lista/utwor538.jpg','Believe',54,1684),(1702,'http://static.rmf.pl/rmf_classic/lista/utwor540.jpg','Christmas at Hogwarts',54,1701),(1719,'http://static.rmf.pl/rmf_classic/lista/utwor546.jpg','Funeral',55,1717),(1728,'http://static.rmf.pl/rmf_classic/lista/utwor548.jpg','My Dear Frodo',55,1656),(1750,'http://static.rmf.pl/rmf_classic/lista/utwor563.jpg','Temat',56,1749),(1755,'http://static.rmf.pl/rmf_classic/lista/utwor553.jpg','New York, New York',56,1752),(1776,'http://static.rmf.pl/rmf_classic/lista/utwor555.jpg','Kabhi Khushi Kabhie Gham',57,1774),(1781,'http://static.rmf.pl/rmf_classic/lista/utwor576.jpg','Just Like A Woman',57,1778),(1784,'http://static.rmf.pl/rmf_classic/lista/utwor541.jpg','The Heroic Weather...',57,1783),(1790,'http://static.rmf.pl/rmf_classic/lista/utwor581.jpg','Streets of Philadelphia',58,1788),(1806,'http://static.rmf.pl/rmf_classic/lista/utwor578.jpg','Strange Love',58,1804),(1814,'http://static.rmf.pl/rmf_classic/lista/utwor588.jpg','Django',59,1812),(1832,'http://static.rmf.pl/rmf_classic/lista/utwor574.jpg','Merry Men',59,1830),(1837,'http://static.rmf.pl/rmf_classic/lista/utwor572.jpg','The Sheltering Sky',59,1835),(1842,'http://static.rmf.pl/rmf_classic/lista/utwor585.jpg','First Class',59,1840),(1861,'http://static.rmf.pl/rmf_classic/lista/utwor600.jpg','The Green Leaves Of Summer',60,1859),(1866,'http://static.rmf.pl/rmf_classic/lista/utwor602.jpg','Eloi',60,1865),(1870,'http://static.rmf.pl/rmf_classic/lista/utwor587.jpg','Stars',60,1868),(1888,'http://static.rmf.pl/rmf_classic/lista/utwor609.jpg','Sugar Man',61,1886),(1895,'http://static.rmf.pl/rmf_classic/lista/utwor617.jpg','Main Title',61,1894),(1910,'http://static.rmf.pl/rmf_classic/lista/utwor626.jpg','Theme',62,918),(1917,'http://static.rmf.pl/rmf_classic/lista/utwor624.jpg','My Heart Will Go On',62,1006),(1919,'http://static.rmf.pl/rmf_classic/lista/utwor629.jpg','May It Be',63,17),(1933,'http://static.rmf.pl/rmf_classic/lista/utwor631.jpg','Tennessee',63,1932),(1941,'http://static.rmf.pl/rmf_classic/lista/utwor636.jpg','Main Title (The Godfather Waltz)',63,45),(1953,'http://static.rmf.pl/rmf_classic/lista/utwor641.jpg','Can You Feel The Love Tonight',64,158),(1962,'http://static.rmf.pl/rmf_classic/lista/utwor642.jpg','Mona Lisa',64,1960),(1987,'http://static.rmf.pl/rmf_classic/lista/utwor618.jpg','Lasting Moments',65,1985),(1990,'http://static.rmf.pl/rmf_classic/lista/utwor645.jpg','Kingdom Dance',65,1989),(2008,'http://static.rmf.pl/rmf_classic/lista/utwor651.jpg','Wiedźmin',66,2006),(2013,'http://static.rmf.pl/rmf_classic/lista/utwor648.jpg','From Western Woods To Beaversdam',66,549),(2018,'http://static.rmf.pl/rmf_classic/lista/utwor650.jpg','All For One',66,2015),(2036,'http://static.rmf.pl/rmf_classic/lista/utwor658.jpg','Le Grand Rabbi',67,2034),(2045,'http://static.rmf.pl/rmf_classic/lista/utwor660.jpg','Pieśń o szczęściu',67,2042),(2066,'http://static.rmf.pl/rmf_classic/lista/utwor640.jpg','The Caster Theme',68,2064),(2070,'http://static.rmf.pl/rmf_classic/lista/utwor667.jpg','Theme',68,333),(2093,'http://static.rmf.pl/rmf_classic/lista/utwor652.jpg','Yumeji\'s Theme',69,2091),(2100,'http://static.rmf.pl/rmf_classic/lista/utwor676.jpg','Becoming One Of The People',70,126),(2134,'http://static.rmf.pl/rmf_classic/lista/utwor679.jpg','I Am The Doctor',71,2132),(2139,'http://static.rmf.pl/rmf_classic/lista/utwor682.jpg','Temat',71,2138),(2145,'http://static.rmf.pl/rmf_classic/lista/utwor690.jpg','Overture',72,1671),(2157,'http://static.rmf.pl/rmf_classic/lista/utwor686.jpg','Young and Beautiful',72,2155),(2162,'http://static.rmf.pl/rmf_classic/lista/utwor687.jpg','Los vestidos desgarrados',72,2161),(2183,'http://static.rmf.pl/rmf_classic/lista/utwor692.jpg','Temat',73,2181),(2189,'http://static.rmf.pl/rmf_classic/lista/utwor678.jpg','Ragtime Vabank',73,2187),(2193,'http://static.rmf.pl/rmf_classic/lista/utwor685.jpg','My Love',73,2191),(2211,'http://static.rmf.pl/rmf_classic/lista/utwor698.jpg','Palm Tree Escape',74,86),(2217,'http://static.rmf.pl/rmf_classic/lista/utwor702.jpg','Misirlou',74,150),(2237,'http://static.rmf.pl/rmf_classic/lista/utwor700.jpg','StarWaves',75,2234),(2242,'http://static.rmf.pl/rmf_classic/lista/utwor703.jpg','This Is Neverland',75,1),(2259,'http://static.rmf.pl/rmf_classic/lista/utwor705.jpg','What If We Could',76,2258),(2262,'http://static.rmf.pl/rmf_classic/lista/utwor715.jpg','A New Hope / End Credits',76,2261),(2267,'http://static.rmf.pl/rmf_classic/lista/utwor711.jpg','Crazy In Love',76,2155),(2286,'http://static.rmf.pl/rmf_classic/lista/utwor717.jpg','Kolorowy wiatr',77,2284),(2295,'http://static.rmf.pl/rmf_classic/lista/utwor723.jpg','A Gift Of A Thistle',78,146),(2315,'http://static.rmf.pl/rmf_classic/lista/utwor722.jpg','Czołówka',78,2314),(2335,'http://static.rmf.pl/rmf_classic/lista/utwor713.jpg','Can You Dig It (Iron Man 3 Main Titles)',79,2333),(2337,'http://static.rmf.pl/rmf_classic/lista/utwor719.jpg','The Return',79,1235),(2341,'http://static.rmf.pl/rmf_classic/lista/utwor724.jpg','Japan',79,2340),(2360,'http://static.rmf.pl/rmf_classic/lista/utwor735.jpg','Una Mattina',80,1029),(2362,'http://static.rmf.pl/rmf_classic/lista/utwor693.jpg','U96',80,393),(2368,'http://static.rmf.pl/rmf_classic/lista/utwor742.jpg','Mirror Dance',81,2366),(2388,'http://static.rmf.pl/rmf_classic/lista/utwor734.jpg','Opening',81,2387),(2408,'http://static.rmf.pl/rmf_classic/lista/utwor746.jpg','Mother of Dragons',82,2407),(2432,'http://static.rmf.pl/rmf_classic/lista/utwor750.jpg','Spektakl',83,2430),(2435,'http://static.rmf.pl/rmf_classic/lista/utwor749.jpg','If You Love These People',83,2434),(2446,'http://static.rmf.pl/rmf_classic/lista/utwor760.jpg','I\'m Sending You Away',84,2234),(2456,'http://static.rmf.pl/rmf_classic/lista/utwor747.jpg','Finale',84,2455),(2477,'http://static.rmf.pl/rmf_classic/lista/utwor753.jpg','Matrix Reloaded Suite cz.1',85,2475),(2501,'http://static.rmf.pl/rmf_classic/lista/utwor771.jpg','She\'s Like the Wind',86,2499),(2504,'http://static.rmf.pl/rmf_classic/lista/utwor757.jpg','Kołysanka',86,2503),(2509,'http://static.rmf.pl/rmf_classic/lista/utwor767.jpg','Chanson D\'amour',86,2506),(2512,'http://static.rmf.pl/rmf_classic/lista/utwor752.jpg','Sny kobiet',86,2511),(2527,'http://static.rmf.pl/rmf_classic/lista/utwor777.jpg','Stillness of The Mind',87,1350),(2533,'http://static.rmf.pl/rmf_classic/lista/utwor773.jpg','Main Titles',87,2532),(2538,'http://static.rmf.pl/rmf_classic/lista/utwor774.jpg','Main Title Theme',87,2536),(2550,'http://static.rmf.pl/rmf_classic/lista/utwor783.jpg','Comin\' Home Baby',88,2548),(2560,'http://static.rmf.pl/rmf_classic/lista/utwor751.jpg','Where To?',88,2558),(2563,'http://static.rmf.pl/rmf_classic/lista/utwor780.jpg','Temat',88,2562),(2568,'http://static.rmf.pl/rmf_classic/lista/utwor782.jpg','Gravity',88,2566),(2570,'http://static.rmf.pl/rmf_classic/lista/utwor784.jpg','Going To School',88,489),(2590,'http://static.rmf.pl/rmf_classic/lista/utwor781.jpg','Main Titles / The Legacy of Achievement',89,2588),(2596,'http://static.rmf.pl/rmf_classic/lista/utwor787.jpg','Main Title Theme',89,2594),(2615,'http://static.rmf.pl/rmf_classic/lista/utwor759.jpg','Matnia',90,2614),(2619,'http://static.rmf.pl/rmf_classic/lista/utwor793.jpg','Battle of the Mounds',90,2618),(2622,'http://static.rmf.pl/rmf_classic/lista/utwor779.jpg','Brooklyn Heights',90,2621),(2629,'http://static.rmf.pl/rmf_classic/lista/utwor789.jpg','Chorągwie Rzeczpospolitej',91,2627),(2633,'http://static.rmf.pl/rmf_classic/lista/utwor797.jpg','Chce się żyć',91,2632),(2642,'http://static.rmf.pl/rmf_classic/lista/utwor798.jpg','1976 / I Could Show You If You\'d Like',91,2641),(2649,'http://static.rmf.pl/rmf_classic/lista/utwor800.jpg','Dumka na dwa serca',91,2647),(2653,'http://static.rmf.pl/rmf_classic/lista/utwor796.jpg','Kissing in the Rain',91,2651),(2658,'http://static.rmf.pl/rmf_classic/lista/utwor801.jpg','Till The End Of Time',91,2656),(2678,'http://static.rmf.pl/rmf_classic/lista/utwor804.jpg','Kicy Bidy i Bokha',92,2675),(2681,'http://static.rmf.pl/rmf_classic/lista/utwor766.jpg','Noah Visits',92,2680),(2683,'http://static.rmf.pl/rmf_classic/lista/utwor808.jpg','Listy do M.',92,429),(2705,'http://static.rmf.pl/rmf_classic/lista/utwor813.jpg','Zorba',93,2703),(2709,'http://static.rmf.pl/rmf_classic/lista/utwor756.jpg','Un violino',93,2708),(2712,'http://static.rmf.pl/rmf_classic/lista/utwor816.jpg','This Land',94,158),(2728,'http://static.rmf.pl/rmf_classic/lista/utwor819.jpg','All I Want For Christmas Is You',94,1596),(2732,'http://static.rmf.pl/rmf_classic/lista/utwor820.jpg','Cry',94,1319),(2738,'http://static.rmf.pl/rmf_classic/lista/utwor826.jpg','I See Fire',95,2736),(2752,'http://static.rmf.pl/rmf_classic/lista/utwor809.jpg','To nie był film',95,2750),(2757,'http://static.rmf.pl/rmf_classic/lista/utwor821.jpg','I Think Of You',95,1886),(2762,'http://static.rmf.pl/rmf_classic/lista/utwor825.jpg','You\'ve Got a Friend In Me',95,2760),(2766,'http://static.rmf.pl/rmf_classic/lista/utwor824.jpg','Driving Home For Christmas',95,429),(2777,'http://static.rmf.pl/rmf_classic/lista/utwor829.jpg','Where',96,549),(2781,'http://static.rmf.pl/rmf_classic/lista/utwor831.jpg','Spider-Man Theme',96,2779),(2798,'http://static.rmf.pl/rmf_classic/lista/utwor834.jpg','Atlas',97,2796),(2810,'http://static.rmf.pl/rmf_classic/lista/utwor833.jpg','Vuelie',97,2808),(2816,'http://static.rmf.pl/rmf_classic/lista/utwor794.jpg','Aberdeen - Piano Version',97,2815),(2838,'http://static.rmf.pl/rmf_classic/lista/utwor840.jpg','In The Mood',98,2836),(2843,'http://static.rmf.pl/rmf_classic/lista/utwor844.jpg','Już taki jestem zimny drań',98,2840),(2848,'http://static.rmf.pl/rmf_classic/lista/utwor792.jpg','Parade\'s End Main Title',98,2846),(2852,'http://static.rmf.pl/rmf_classic/lista/utwor842.jpg','I Got a Name',98,1812),(2857,'http://static.rmf.pl/rmf_classic/lista/utwor849.jpg','Forrest Gump',99,273),(2864,'http://static.rmf.pl/rmf_classic/lista/utwor847.jpg','For The World - Theme Music',99,2862),(2875,'http://static.rmf.pl/rmf_classic/lista/utwor845.jpg','Stayin\' Alive',99,2873),(2899,'http://static.rmf.pl/rmf_classic/lista/utwor851.jpg','Quintessence',100,2897),(2904,'http://static.rmf.pl/rmf_classic/lista/utwor854.jpg','With a Little Help From My Friends',100,2902),(2907,'http://static.rmf.pl/rmf_classic/lista/utwor823.jpg','Star Of Bethlehem',100,2906),(2923,'http://static.rmf.pl/rmf_classic/lista/utwor861.jpg','Temat',101,1282),(2933,'http://static.rmf.pl/rmf_classic/lista/utwor848.jpg','La cumparsita',101,2929),(2937,'http://static.rmf.pl/rmf_classic/lista/utwor860.jpg','Le Festin',101,2935),(2942,'http://static.rmf.pl/rmf_classic/lista/utwor865.jpg','Happy',102,2940),(2946,'http://static.rmf.pl/rmf_classic/lista/utwor864.jpg','Let It Go',102,2808),(2960,'http://static.rmf.pl/rmf_classic/lista/utwor867.jpg','Barrels Out of Bond',102,2736),(2969,'http://static.rmf.pl/rmf_classic/lista/utwor873.jpg','Together',103,2155),(2980,'http://static.rmf.pl/rmf_classic/lista/utwor871.jpg','Juliet\'s Dream',103,869),(2987,'http://static.rmf.pl/rmf_classic/lista/utwor839.jpg','Sway',103,531),(2991,'http://static.rmf.pl/rmf_classic/lista/utwor870.jpg','Napisy końcowe',103,2989),(3007,'http://static.rmf.pl/rmf_classic/lista/utwor880.jpg','Pacific Rim',104,3006),(3012,'http://static.rmf.pl/rmf_classic/lista/utwor846.jpg','Bubamara',104,3010),(3020,'http://static.rmf.pl/rmf_classic/lista/utwor878.jpg','Emmanuelle',104,3016),(3032,'http://static.rmf.pl/rmf_classic/lista/utwor881.jpg','Ordinary Love',105,3030),(3044,'http://static.rmf.pl/rmf_classic/lista/utwor875.jpg','4:30',105,3041),(3047,'http://static.rmf.pl/rmf_classic/lista/utwor879.jpg','A Tale',105,1346),(3068,'http://static.rmf.pl/rmf_classic/lista/utwor891.jpg','My Name Is Lincoln',106,3067),(3073,'http://static.rmf.pl/rmf_classic/lista/utwor890.jpg','Far From Any Road',106,3071),(3084,'http://static.rmf.pl/rmf_classic/lista/utwor894.jpg','Kamienie na szaniec',107,3041),(3091,'http://static.rmf.pl/rmf_classic/lista/utwor877.jpg','Space Oddity',107,2897),(3096,'http://static.rmf.pl/rmf_classic/lista/utwor893.jpg','Apollon Shmyguyev\'s Theme',107,3094),(3115,'http://static.rmf.pl/rmf_classic/lista/utwor903.jpg','The Trio',108,66),(3122,'http://static.rmf.pl/rmf_classic/lista/utwor883.jpg','Sleepwalker',108,3119),(3127,'http://static.rmf.pl/rmf_classic/lista/utwor863.jpg','Learning to Read',108,3126),(3137,'http://static.rmf.pl/rmf_classic/lista/utwor902.jpg','The Pink Panther Theme',109,3136),(3141,'http://static.rmf.pl/rmf_classic/lista/utwor906.jpg','You Will Be My Ain True Love',109,3139),(3155,'http://static.rmf.pl/rmf_classic/lista/utwor910.jpg','47 Ronin',109,3153),(3175,'http://static.rmf.pl/rmf_classic/lista/utwor909.jpg','We Had Today',110,3174),(3181,'http://static.rmf.pl/rmf_classic/lista/utwor887.jpg','Five Hundred Miles',110,3177),(3185,'http://static.rmf.pl/rmf_classic/lista/utwor920.jpg','Sherlocked',111,1610),(3202,'http://static.rmf.pl/rmf_classic/lista/utwor907.jpg','History of Artemisia',111,3200),(3208,'http://static.rmf.pl/rmf_classic/lista/utwor901.jpg','Love Theme',111,869),(3217,'http://static.rmf.pl/rmf_classic/lista/utwor912.jpg','Pompeii',112,3215),(3220,'http://static.rmf.pl/rmf_classic/lista/utwor928.jpg','The New Lobby Boy',112,3219),(3229,'http://static.rmf.pl/rmf_classic/lista/utwor923.jpg','The Moon Song',112,3119),(3233,'http://static.rmf.pl/rmf_classic/lista/utwor927.jpg','Temat',112,3232),(3236,'http://static.rmf.pl/rmf_classic/lista/utwor908.jpg','Where Do I Begin',112,266),(3248,'http://static.rmf.pl/rmf_classic/lista/utwor933.jpg','Evenstar',113,807),(3256,'http://static.rmf.pl/rmf_classic/lista/utwor934.jpg','Fort Batlle',113,368),(3262,'http://static.rmf.pl/rmf_classic/lista/utwor931.jpg','The Patriot',113,3261),(3280,'http://static.rmf.pl/rmf_classic/lista/utwor937.jpg','Darcy\'s Letter',114,983),(3285,'http://static.rmf.pl/rmf_classic/lista/utwor924.jpg','You\'re That Spider Guy',114,3284),(3301,'http://static.rmf.pl/rmf_classic/lista/utwor936.jpg','Evening',115,3300),(3307,'http://static.rmf.pl/rmf_classic/lista/utwor932.jpg','Rise Up In Faith',115,3305),(3311,'http://static.rmf.pl/rmf_classic/lista/utwor942.jpg','Ryan. Mr. President',115,3310),(3315,'http://static.rmf.pl/rmf_classic/lista/utwor950.jpg','Temat',116,248),(3327,'http://static.rmf.pl/rmf_classic/lista/utwor945.jpg','Theme',116,3324),(3331,'http://static.rmf.pl/rmf_classic/lista/utwor947.jpg','Keating\'s Triumph',116,3330),(3341,'http://static.rmf.pl/rmf_classic/lista/utwor914.jpg','Na pomoście',116,3340),(3347,'http://static.rmf.pl/rmf_classic/lista/utwor951.jpg','Sound of Silence',117,859),(3356,'http://static.rmf.pl/rmf_classic/lista/utwor958.jpg','Touch The Sky',117,1450),(3361,'http://static.rmf.pl/rmf_classic/lista/utwor954.jpg','Secret Garden',117,3360),(3365,'http://static.rmf.pl/rmf_classic/lista/utwor953.jpg','Un Homme et un Femme',117,3364),(3369,'http://static.rmf.pl/rmf_classic/lista/utwor955.jpg','Be Prepared',117,158),(3376,'http://static.rmf.pl/rmf_classic/lista/utwor959.jpg','Raindrops Keep Fallin\' on My Head',118,3373),(3387,'http://static.rmf.pl/rmf_classic/lista/utwor964.jpg','Over the Rainbow',118,3385),(3397,'http://static.rmf.pl/rmf_classic/lista/utwor962.jpg','Maleficent Suite',118,3396),(3402,'http://static.rmf.pl/rmf_classic/lista/utwor957.jpg','WALL-E',118,3401),(3408,'http://static.rmf.pl/rmf_classic/lista/utwor965.jpg','01.08',119,3407),(3421,'http://static.rmf.pl/rmf_classic/lista/utwor968.jpg','Main Titles',119,3419),(3429,'http://static.rmf.pl/rmf_classic/lista/utwor938.jpg','Endless Flight and Babel',119,3427),(3433,'http://static.rmf.pl/rmf_classic/lista/utwor967.jpg','Tomorrow Never Dies',119,3431),(3440,'http://static.rmf.pl/rmf_classic/lista/utwor974.jpg','Once Upon a Dream',120,3396),(3449,'http://static.rmf.pl/rmf_classic/lista/utwor973.jpg','Temat',120,3448),(3452,'http://static.rmf.pl/rmf_classic/lista/utwor971.jpg','All of Them',120,3451),(3462,'http://www.rmfclassic.pl/scratch/classic2013/static-images/83/a00544448a994fc9.jpg','Now We Are Free',121,69),(3468,'http://www.rmfclassic.pl/scratch/classic2013/static-images/91/a858c7adf2fd14bf.jpg','May It Be',121,17),(3477,'http://www.rmfclassic.pl/scratch/classic2013/static-images/71/cf5709a44477ee6c.jpg','Only the Beginning of the Adventure',121,549),(3484,'http://www.rmfclassic.pl/scratch/classic2013/static-images/0e/091a254f3123173f.jpg','You Know My Name',122,1200),(3500,'http://www.rmfclassic.pl/scratch/classic2013/static-images/e1/af6262ebdf6c435f.jpg','Falling',122,340),(3515,'http://www.rmfclassic.pl/scratch/classic2013/static-images/d0/9272c02d0f7880a6.jpg','Falling Slowly',123,3512),(3522,'http://www.rmfclassic.pl/scratch/classic2013/static-images/76/96e0e9ff34a16e8f.jpg','Skyfall',123,1430),(3531,'http://www.rmfclassic.pl/scratch/classic2013/static-images/1c/5bbbc089cee6f41a.jpg','Leave No Man Behind',123,723),(3572,'http://www.rmfclassic.pl/scratch/classic2013/static-images/d0/3a90516eeb981a13.jpg','My Heart Will Go On',125,1006),(3605,'http://www.rmfclassic.pl/scratch/classic2013/static-images/c3/c48436c337711bdf.jpg','Kalasnjikov',127,3604),(3611,'http://www.rmfclassic.pl/scratch/classic2013/static-images/ec/f2c1e09f7ef941da.jpg','Braveheart: Waleczne serce',127,146),(3632,'http://www.rmfclassic.pl/scratch/classic2013/static-images/97/3a77379baebda2b6.jpg','I\'ve Seen That Face Before',128,3629),(3636,'http://www.rmfclassic.pl/scratch/classic2013/static-images/f4/002887f697e68a3e.jpg','Moon River',128,49),(3644,'http://www.rmfclassic.pl/scratch/classic2013/static-images/9c/6d02504e6515ec92.jpg','Cornfield Chase',128,3643),(3669,'http://www.rmfclassic.pl/scratch/classic2013/static-images/de/98bf9f751c7060d2.jpg','The Last Goodbye',130,3667),(3682,'http://www.rmfclassic.pl/scratch/classic2013/static-images/51/7e9744afd6bdf955.jpg','We Have All The Time In The World',130,3680),(3686,'http://www.rmfclassic.pl/scratch/classic2013/static-images/a9/7a30525d178d04d8.jpg','Pani z przedszkola',130,3684),(3694,'http://www.rmfclassic.pl/scratch/classic2013/static-images/41/b4ffbb20848c9bbe.jpg','Young and Beautiful',130,2155),(3698,'http://www.rmfclassic.pl/scratch/classic2013/static-images/83/93d92d6bd66dcb82.jpg','Into The West',130,406),(3715,'http://www.rmfclassic.pl/scratch/classic2013/static-images/aa/4ab256b569e1f8bf.jpg','Calling You',131,3712),(3721,'http://www.rmfclassic.pl/scratch/classic2013/static-images/1d/a3cdfd115ec5ba5c.jpg','Django',131,1812),(3723,'http://www.rmfclassic.pl/scratch/classic2013/static-images/6a/cf9729203278924d.jpg','Mr. Moustafa',131,3219),(3728,'http://www.rmfclassic.pl/scratch/classic2013/static-images/0e/607675c66ad3e413.jpg','Licence To Kill',131,3726),(3748,'http://www.rmfclassic.pl/scratch/classic2013/static-images/77/582d32aea72efaf6.jpg','What a Wonderful World',132,3745),(3753,'http://www.rmfclassic.pl/scratch/classic2013/static-images/39/4fc5902c166ed74a.jpg','The John Dunbar Theme',132,3752),(3758,'http://www.rmfclassic.pl/scratch/classic2013/static-images/10/f6d18d1d50f6d351.jpg','The Hanging Tree',133,3756),(3764,'http://www.rmfclassic.pl/scratch/classic2013/static-images/0e/61d92a1118dc4f16.jpg','The Imitation Game',133,3763),(3771,'http://www.rmfclassic.pl/scratch/classic2013/static-images/6a/915cc81fbc2a6e8e.jpg','Canción del Mariachi',133,891),(3779,'http://www.rmfclassic.pl/scratch/classic2013/static-images/f2/46ed6228f85e2a5e.jpg','Life Is A Dream',133,1678),(3781,'http://www.rmfclassic.pl/scratch/classic2013/static-images/8c/e8ba607be246dbcc.jpg','The Glade Part II',133,368),(3793,'http://www.rmfclassic.pl/scratch/classic2013/static-images/51/7e9744afd6bdf955.jpg','Goldfinger',134,3792),(3818,'http://www.rmfclassic.pl/scratch/classic2013/static-images/e7/8f5b3d91cabd7547.jpg','Chi Mai',135,3817),(3822,'http://www.rmfclassic.pl/scratch/classic2013/static-images/72/faddae51c5243543.jpg','Bogowie',135,3821),(3828,'http://www.rmfclassic.pl/scratch/classic2013/static-images/30/9874550ccc5851c5.jpg','Big Eyes',135,3827),(3847,'http://www.rmfclassic.pl/scratch/classic2013/static-images/ef/6e2c91b15ef99a0e.jpg','Yumeji\'s Theme / Mo-Wan\'s Dialogue',136,2091),(3882,'http://www.rmfclassic.pl/scratch/classic2013/static-images/44/151556f01fc35229.jpg','Sugar Man',138,1886),(3908,'http://www.rmfclassic.pl/scratch/classic2013/static-images/b3/4b5168f5db86c1ad.jpg','A Love Before Time',139,3907),(3927,'http://www.rmfclassic.pl/scratch/classic2013/static-images/fb/0cc1d9ecceff9a47.jpg','Theme',140,3925),(3940,'http://www.rmfclassic.pl/scratch/classic2013/static-images/50/71c9e2322d199b26.jpg','Over the Rainbow',141,3385),(3944,'http://www.rmfclassic.pl/scratch/classic2013/static-images/ef/a45166bade51af08.jpg','Lost Stars',141,3942),(3966,'http://www.rmfclassic.pl/scratch/classic2013/static-images/79/3647b4a41b55216b.jpg','Glory',141,3963),(3976,'http://www.rmfclassic.pl/scratch/classic2013/static-images/bc/1173d0ff454a0edd.jpg','Nikifor\'s Waltz',142,3975),(3986,'http://www.rmfclassic.pl/scratch/classic2013/static-images/86/f9873d0abe2cf0cd.jpg','House Of Cards Main Title Theme',142,2536),(4002,'http://www.rmfclassic.pl/scratch/classic2013/static-images/8c/8950ae88ad58c564.jpg','Wataha',143,4001),(4005,'http://www.rmfclassic.pl/scratch/classic2013/static-images/b8/e14a5d9fb69d8b3b.jpg','Singing In The Rain',143,1422),(4016,'http://www.rmfclassic.pl/scratch/classic2013/static-images/2c/0c864bd729e1cc8e.jpg','Alternatywy 4',144,2562),(4035,'http://www.rmfclassic.pl/scratch/classic2013/static-images/47/561a7f12f9e49ab5.jpg','In The Deathcar',144,1061),(4043,'http://www.rmfclassic.pl/scratch/classic2013/static-images/a4/aaa82972f10bc76c.jpg','Cinema Paradiso',145,745),(4059,'http://www.rmfclassic.pl/scratch/classic2013/static-images/50/e96523b8b0c3c7f9.jpg','Sleep Safe and Warm',146,174),(4076,'http://www.rmfclassic.pl/scratch/classic2013/static-images/61/e6ccf64e8e1411d5.jpg','Main Title',146,4074),(4079,'http://www.rmfclassic.pl/scratch/classic2013/static-images/1d/8d358c1c3a0280e8.jpg','La Valse de l’Amour',146,4078),(4111,'http://www.rmfclassic.pl/scratch/classic2013/static-images/56/33921ba73ddf2bb8.jpg','Theme From Jurassic Park',148,4110),(4132,'http://www.rmfclassic.pl/scratch/classic2013/static-images/47/79c36aace634b9a2.jpg','Far From Any Road',149,4131),(4138,'http://www.rmfclassic.pl/scratch/classic2013/static-images/80/d3f15b127f1c1892.jpg','Take My Breath Away',149,4136),(4148,'http://www.rmfclassic.pl/scratch/classic2013/static-images/65/3fe02e11b16f671b.jpg','Gonna Fly Now',149,4147),(4173,'http://www.rmfclassic.pl/scratch/classic2013/static-images/2c/0c864bd729e1cc8e.jpg','Temat',151,882),(4200,'http://www.rmfclassic.pl/scratch/classic2013/static-images/df/f5219f03c0e0f028.jpg','Briony',152,4199),(4258,'http://www.rmfclassic.pl/scratch/classic2013/static-images/d0/ff3da3e9a40bbd71.jpg','Mein Herr',155,4256),(4269,'http://www.rmfclassic.pl/scratch/classic2013/static-images/8f/8faa2cb6fe4c6c90.jpg','Turnaround',155,4267),(4275,'http://www.rmfclassic.pl/scratch/classic2013/static-images/de/84c6646cea78e3cf.jpg','The Suite',155,4273),(4287,'http://www.rmfclassic.pl/scratch/classic2013/static-images/94/e47a28de9d9f34fe.jpg','Gdzie są kwiaty z tamtych lat',156,4285),(4300,'http://www.rmfclassic.pl/scratch/classic2013/static-images/d7/241301674b757e61.jpg','Main Titles',156,4299),(4331,'http://www.rmfclassic.pl/scratch/classic2013/static-images/4a/67cdfb94073c35cf.jpg','Love Theme',158,4330),(4337,'http://www.rmfclassic.pl/scratch/classic2013/static-images/a0/e0a5d2f4dec48e79.jpg','The Vikings Set Sail for Wessex',158,4336),(4395,'http://www.rmfclassic.pl/scratch/classic2013/static-images/f2/7f860caa827a383e.jpg','Writing\'s On The Wall',160,4393),(4424,'http://www.rmfclassic.pl/scratch/classic2013/static-images/a7/b421fe6b62aa4b10.jpg','I Do It For You',162,1830),(4452,'http://www.rmfclassic.pl/scratch/classic2013/static-images/9f/b2ad904f19b4c7b3.jpg','Westminster Bridge',163,4393),(4483,'http://www.rmfclassic.pl/scratch/classic2013/static-images/e5/09310ed718e38790.jpg','Temat',165,4481),(4489,'http://www.rmfclassic.pl/scratch/classic2013/static-images/71/e3c2a421daa17077.jpg','As Time Goes By',165,461),(4530,'http://www.rmfclassic.pl/scratch/classic2013/static-images/6c/10fa34b7abb52e29.jpg','How Deep Is Your Love',167,2873),(4534,'http://www.rmfclassic.pl/scratch/classic2013/static-images/36/dca37ae50cfc029a.jpg','Windmills Of Your Mind',167,222),(4547,'http://www.rmfclassic.pl/scratch/classic2013/static-images/36/daeaebcd12304d13.jpg','On the Sunny Side of the Street',167,4544),(4555,'http://www.rmfclassic.pl/scratch/classic2013/static-images/0f/399cc1579d3c5e29.jpg','End Credits',168,4554),(4558,'http://www.rmfclassic.pl/scratch/classic2013/static-images/48/56e3b2b8158fcf92.jpg','Emanuelle',168,4557),(4579,'http://www.rmfclassic.pl/scratch/classic2013/static-images/1b/66809768bb698e5a.jpg','Passage Of Time',169,447),(4587,'http://www.rmfclassic.pl/scratch/classic2013/static-images/97/f959a93b8da688db.jpg','Overture',169,1416),(4598,'http://www.rmfclassic.pl/scratch/classic2013/static-images/fe/827480975809786e.jpg','L\'Ultima Diligenza di Red Rock',170,4597),(4604,'http://www.rmfclassic.pl/scratch/classic2013/static-images/cf/79ef57312dd03fbe.jpg','Rey\'s Theme',170,4603),(4641,'http://www.rmfclassic.pl/scratch/classic2013/static-images/f9/fb0fa72fe143e8a8.jpg','The Martian Score Suite',171,4640),(4691,'http://www.rmfclassic.pl/scratch/classic2013/static-images/e2/1a2fcbc01dfeda95.jpg','I Will Always Love You',174,811),(4706,'http://www.rmfclassic.pl/scratch/classic2013/static-images/4f/7578df1414237832.jpg','Mam tę moc',174,4704),(4742,'http://www.rmfclassic.pl/scratch/classic2013/static-images/cc/0fa6345202c3505e.jpg','We Don\'t Need Another Hero',176,4741),(4804,'http://www.rmfclassic.pl/scratch/classic2013/static-images/37/3720a02ffbe3f4e3.jpg','Remember',179,4802),(4854,'http://www.rmfclassic.pl/scratch/classic2013/static-images/08/02ddcf6cded94a4f.jpg','Main Theme',182,4853),(4865,'http://www.rmfclassic.pl/scratch/classic2013/static-images/36/812c427a56ea7016.jpg','The End',182,4864),(4876,'http://www.rmfclassic.pl/scratch/classic2013/static-images/2d/8470743966c72d0d.jpg','Enterprising Young Men',182,1678),(4913,'http://www.rmfclassic.pl/scratch/classic2013/static-images/31/d9e682f4ecabee1d.jpg','Beautiful Lie',184,4911),(4964,'http://www.rmfclassic.pl/scratch/classic2013/static-images/89/23ba6ab57e0d1f20.jpg','Jej portret',186,4960),(5039,'http://www.rmfclassic.pl/scratch/classic2013/static-images/ce/7fa54ca7f1de8160.jpg','For Toscanini',190,5038),(5048,'http://www.rmfclassic.pl/scratch/classic2013/static-images/a7/19a7a0ea9dd8807b.jpg','It\'s Probably Me',190,5047),(5071,'http://www.rmfclassic.pl/scratch/classic2013/static-images/d6/9d53490d254e8e88.jpg','Nights In White Satin',191,5069),(5095,'http://www.rmfclassic.pl/scratch/classic2013/static-images/ba/04a0f87c77880c10.jpg','Life Must Have Its Mysteries',193,5094),(5099,'http://www.rmfclassic.pl/scratch/classic2013/static-images/61/32f825da419def85.jpg','Sługi Boże',193,5098),(5135,'http://www.rmfclassic.pl/scratch/classic2013/static-images/d9/000917823ffa4d6a.jpg','Main Titles',194,5134),(5163,'http://www.rmfclassic.pl/scratch/classic2013/static-images/bc/60ef31e765cb6fc6.jpg','Ecstasy of Gold',196,66),(5180,'http://www.rmfclassic.pl/scratch/classic2013/static-images/60/0f7f8321bc9305e9.jpg','The Blower\'s Daughter',196,5179),(5201,'http://www.rmfclassic.pl/scratch/classic2013/static-images/3d/9bd545fa1ab9b915.jpg','A Game of Strategy',197,5200),(5215,'http://www.rmfclassic.pl/scratch/classic2013/static-images/4d/47610dc691305757.jpg','Chan Chan',198,1410),(5219,'https://www.rmfclassic.pl/image/process/9/c/49f196e4f9/?source=http%3A%2F%2Fstatic.rmf.pl%2Frmf_classic%2Fstatic%2F%2F00454%2F67d53-01ae4f51e5.jpeg','Main Titles',198,5218),(5228,'https://www.rmfclassic.pl/image/process/9/c/3ef40fc54d/?source=http%3A%2F%2Fstatic.rmf.pl%2Frmf_classic%2Fstatic%2F%2F00454%2F78f11-7a1fd8020c.jpeg','The Light Between Oceans',198,5227),(5249,'http://www.rmfclassic.pl/scratch/classic2013/static-images/2c/625c42698c9fdbc2.jpg','Seven Angels of Vengeance',199,5247),(5337,'http://www.rmfclassic.pl/scratch/classic2013/static-images/8d/2497ab3701159769.jpg','Wayward Sisters',204,5336),(5342,'http://www.rmfclassic.pl/scratch/classic2013/static-images/bb/3c3faa62dddbc799.jpg','City of Stars',204,5339),(5349,'http://www.rmfclassic.pl/scratch/classic2013/static-images/32/d47f7dd3013a3820.jpg','Main Title',204,5348),(5444,'http://www.rmfclassic.pl/scratch/classic2013/static-images/bb/3c3faa62dddbc799.jpg','Another Day of Sun',209,5339),(5460,'http://www.rmfclassic.pl/scratch/classic2013/static-images/50/b62d921f2cc08040.jpg','The Sheltering Sky Theme',209,1835),(5467,'http://www.rmfclassic.pl/scratch/classic2013/static-images/be/7cb16a4e1abc0b79.jpg','Morning Passages',209,5465),(5488,'http://www.rmfclassic.pl/scratch/classic2013/static-images/8e/fbb49f2edbf6f54c.jpg','Masaryk',210,5487),(5570,'http://www.rmfclassic.pl/scratch/classic2013/static-images/53/6b3bd65eee54272b.jpg','Tara Theme',214,5568),(5575,'http://www.rmfclassic.pl/scratch/classic2013/static-images/b9/7902ff6bf6d29b67.jpg','Beauty and The Beast',215,657),(5619,'http://www.rmfclassic.pl/scratch/classic2013/static-images/94/594433c2204a8967.jpg','Main Titles',217,5618),(5699,'http://www.rmfclassic.pl/scratch/classic2013/static-images/01/eff60c9f042e23d1.jpg','Wonder Woman\'s Wrath',220,5697),(5743,'http://www.rmfclassic.pl/scratch/classic2013/static-images/42/b40da62f47b1ec4e.jpg','Never Ending Story',223,5741),(5747,'http://www.rmfclassic.pl/scratch/classic2013/static-images/61/f11b91801b220159.jpg','End Titles',223,5746),(5750,'http://www.rmfclassic.pl/scratch/classic2013/static-images/21/a21e726e3b56e0e7.jpg','The Sound Of Silence',223,859),(5766,'http://www.rmfclassic.pl/scratch/classic2013/static-images/17/8b96f79c82fdbe87.jpg','Starry Starry Night',223,5764),(5771,'http://www.rmfclassic.pl/scratch/classic2013/static-images/cb/6764c532aa4f9dff.jpg','Where The Words End',223,5769),(5775,'http://www.rmfclassic.pl/scratch/classic2013/static-images/55/9ee5be6e73cadbbe.jpg','2049',224,5773),(5795,'http://www.rmfclassic.pl/scratch/classic2013/static-images/9f/16ea5cb176664e53.jpg','Main Title',224,368),(5802,'http://www.rmfclassic.pl/scratch/classic2013/static-images/fc/e1de29adee490ec3.jpg','Be True',225,5801),(5818,'http://www.rmfclassic.pl/scratch/classic2013/static-images/66/4e2998b7b6d24f52.jpg','King Arthur: Legend Of The Sword',225,5817),(5824,'http://www.rmfclassic.pl/scratch/classic2013/static-images/1a/5bb656637a018928.jpg','Anvil of Crom',226,2618),(5887,'http://www.rmfclassic.pl/scratch/classic2013/static-images/86/14277a3f9def2155.jpg','Bemidji, MN',229,5885),(6000,'http://www.rmfclassic.pl/scratch/classic2013/static-images/ab/be3aa767bb7d91d5.jpg','When You Wish Upon a Star',234,5998),(6010,'http://www.rmfclassic.pl/scratch/classic2013/static-images/0a/821a83d512c8a35c.jpg','Main Title',235,6008),(6015,'http://www.rmfclassic.pl/scratch/classic2013/static-images/76/5ce2892380af47d3.jpg','Peace and Purpose',235,6014),(6035,'http://www.rmfclassic.pl/scratch/classic2013/static-images/14/3bdd02e5bbc29436.jpg','La Passerella Di Otto E Mezzo',236,6034),(6044,'http://www.rmfclassic.pl/scratch/classic2013/static-images/2f/27c0f4d55311f8ad.jpg','This is Me',236,6041),(6089,'http://www.rmfclassic.pl/scratch/classic2013/static-images/d3/805af9337fb9aa3b.jpg','Jeszcze w zielone gramy',238,6087),(6093,'http://www.rmfclassic.pl/scratch/classic2013/static-images/e9/2c0c4c6b22ac5c7c.jpg','The Shape of Water',238,6092),(6112,'http://www.rmfclassic.pl/scratch/classic2013/static-images/a8/16b71adc36c3680e.jpg','The Mystery of Love',239,6110),(6120,'http://www.rmfclassic.pl/scratch/classic2013/static-images/18/af35e5ee68f2cad5.jpg','Orient Express Suite',239,6119),(6125,'http://www.rmfclassic.pl/scratch/classic2013/static-images/67/0d186829ac4afc7d.jpg','The Presses Roll',239,6124),(6143,'http://www.rmfclassic.pl/scratch/classic2013/static-images/5f/711ec595a6b49daa.jpg','Remember Me',240,6140),(6266,'http://www.rmfclassic.pl/scratch/classic2013/static-images/67/a469db7245cf6fab.jpg','Horse',246,6264),(6349,'http://www.rmfclassic.pl/scratch/classic2013/static-images/73/3f2462b90bbd015e.jpg','Temat',250,6348);
/*!40000 ALTER TABLE `song` ENABLE KEYS */;
UNLOCK TABLES;

--
-- Table structure for table `song_has_artist`
--

DROP TABLE IF EXISTS `song_has_artist`;
/*!40101 SET @saved_cs_client     = @@character_set_client */;
/*!40101 SET character_set_client = utf8 */;
CREATE TABLE `song_has_artist` (
  `song_id` bigint(20) NOT NULL,
  `artist_id` bigint(20) NOT NULL,
  KEY `FK21xmggnwr9d3lkomoqbol13in` (`artist_id`),
  KEY `FKaopxjuj1j2775d49bcqmr5dk4` (`song_id`)
) ENGINE=MyISAM DEFAULT CHARSET=utf8 COLLATE=utf8_polish_ci;
/*!40101 SET character_set_client = @saved_cs_client */;

--
-- Dumping data for table `song_has_artist`
--

LOCK TABLES `song_has_artist` WRITE;
/*!40000 ALTER TABLE `song_has_artist` DISABLE KEYS */;
INSERT INTO `song_has_artist` VALUES (3,2),(7,6),(11,10),(15,14),(19,18),(23,22),(27,26),(31,30),(35,34),(39,38),(43,42),(47,46),(51,50),(55,54),(59,58),(64,62),(64,63),(67,34),(71,70),(75,74),(79,78),(87,70),(93,92),(100,99),(108,107),(113,112),(117,116),(128,127),(131,112),(136,135),(144,143),(147,127),(152,151),(156,58),(161,159),(161,160),(172,171),(176,175),(180,179),(187,184),(187,185),(187,186),(196,26),(201,200),(210,208),(210,209),(220,219),(224,223),(228,227),(231,14),(240,239),(251,249),(251,250),(255,254),(263,262),(268,267),(274,10),(279,278),(293,292),(298,34),(298,296),(298,297),(302,70),(306,14),(314,311),(314,312),(314,313),(323,70),(335,14),(335,334),(342,143),(342,341),(353,352),(358,357),(365,364),(371,369),(371,370),(386,385),(389,70),(395,394),(399,398),(402,38),(408,18),(408,407),(419,418),(427,426),(431,430),(436,435),(441,435),(445,34),(449,448),(463,462),(473,471),(473,472),(481,480),(490,14),(501,227),(505,504),(509,508),(533,532),(542,541),(550,292),(554,553),(558,557),(565,564),(569,568),(586,568),(596,595),(604,603),(608,607),(620,435),(626,625),(654,653),(661,658),(661,659),(661,660),(667,666),(670,22),(676,127),(676,675),(679,508),(683,682),(690,70),(695,694),(711,710),(726,70),(726,724),(726,725),(731,595),(736,735),(746,34),(751,595),(751,750),(768,14),(777,776),(782,781),(788,787),(796,795),(800,30),(800,799),(808,18),(813,812),(828,825),(828,826),(828,827),(833,58),(844,200),(848,70),(862,860),(862,861),(870,46),(879,38),(883,357),(885,184),(885,185),(885,186),(894,892),(894,893),(910,26),(914,913),(919,14),(923,34),(923,922),(926,70),(956,955),(973,532),(985,984),(991,30),(1000,159),(1000,160),(1000,999),(1007,127),(1031,1030),(1040,595),(1040,1039),(1056,34),(1059,398),(1063,1062),(1069,1067),(1069,1068),(1084,1083),(1087,14),(1089,2),(1100,1099),(1108,1107),(1111,625),(1119,860),(1119,861),(1122,70),(1129,200),(1135,595),(1141,70),(1152,1151),(1160,1159),(1177,1176),(1185,1184),(1188,127),(1194,227),(1202,1201),(1219,70),(1227,1226),(1236,22),(1239,312),(1239,1238),(1243,209),(1243,1242),(1254,70),(1263,14),(1270,1268),(1270,1269),(1283,595),(1286,18),(1289,70),(1289,1288),(1291,471),(1295,58),(1299,955),(1303,227),(1305,18),(1320,70),(1325,1324),(1331,1226),(1348,1347),(1351,398),(1356,1355),(1364,227),(1375,1374),(1383,1382),(1389,1388),(1395,1394),(1399,58),(1402,70),(1412,1411),(1417,34),(1426,1423),(1426,1424),(1426,1425),(1432,1431),(1452,1451),(1459,70),(1472,14),(1479,1478),(1489,1488),(1497,1495),(1497,1496),(1506,1505),(1513,38),(1523,1522),(1526,70),(1538,1535),(1538,1536),(1538,1537),(1540,557),(1549,1548),(1565,58),(1571,1568),(1571,1569),(1571,1570),(1589,385),(1593,1592),(1598,1597),(1612,1201),(1612,1611),(1618,249),(1622,1621),(1628,184),(1628,185),(1628,186),(1632,54),(1651,1269),(1658,1657),(1674,1672),(1674,1673),(1680,1679),(1685,675),(1702,14),(1719,1718),(1728,18),(1750,200),(1755,1753),(1755,1754),(1776,1775),(1781,1779),(1781,1780),(1784,227),(1790,1789),(1806,1805),(1814,1813),(1832,1831),(1837,1836),(1842,1841),(1861,1860),(1866,653),(1870,1869),(1888,1887),(1895,448),(1910,14),(1917,659),(1919,787),(1933,70),(1941,46),(1953,159),(1953,160),(1962,1961),(1987,1986),(1987,175),(1990,658),(2008,2007),(2013,292),(2018,2016),(2018,30),(2018,2017),(2036,2035),(2045,2043),(2045,2044),(2066,2065),(2070,2069),(2070,14),(2093,666),(2093,2092),(2100,127),(2134,2133),(2139,508),(2145,1672),(2157,2156),(2162,471),(2183,2182),(2189,2188),(2193,2192),(2211,70),(2211,694),(2217,2216),(2237,2235),(2237,2236),(2242,2),(2242,175),(2259,1536),(2259,1537),(2262,14),(2267,2265),(2267,2266),(2286,2285),(2295,127),(2315,58),(2335,2334),(2337,22),(2341,2),(2360,1030),(2362,394),(2368,2367),(2388,22),(2408,1394),(2432,2431),(2435,70),(2446,2235),(2446,2236),(2456,70),(2477,2476),(2501,2500),(2504,58),(2509,2507),(2509,2508),(2512,175),(2527,398),(2533,435),(2538,2537),(2550,2549),(2560,2559),(2563,357),(2568,2567),(2570,14),(2590,2589),(2596,2595),(2615,312),(2619,735),(2622,18),(2629,2628),(2633,200),(2642,70),(2649,2285),(2649,2648),(2653,1451),(2653,2652),(2658,2657),(2678,2676),(2678,2677),(2681,1226),(2683,2367),(2705,2704),(2709,34),(2712,70),(2728,2727),(2732,70),(2738,2737),(2752,2751),(2757,2756),(2762,1268),(2762,2761),(2766,2765),(2777,2776),(2781,2780),(2798,2797),(2810,2809),(2816,26),(2838,2837),(2843,2841),(2843,2842),(2848,2847),(2852,2851),(2857,10),(2857,2856),(2864,2863),(2875,2874),(2899,2898),(2904,2903),(2907,14),(2923,595),(2933,2930),(2933,2931),(2933,2932),(2937,2936),(2942,2941),(2946,2945),(2960,18),(2969,2968),(2980,398),(2987,2986),(2991,2990),(3007,1394),(3012,3011),(3020,3017),(3020,3018),(3020,3019),(3032,3031),(3044,3042),(3044,3043),(3047,1347),(3068,603),(3073,3072),(3084,2367),(3091,3089),(3091,3090),(3096,3095),(3115,34),(3122,3120),(3122,3121),(3127,14),(3137,385),(3141,30),(3141,3140),(3155,3154),(3175,448),(3181,3178),(3181,3179),(3181,3180),(3185,1201),(3185,1611),(3202,3201),(3208,46),(3208,385),(3217,3216),(3220,227),(3229,1805),(3233,357),(3236,3235),(3248,18),(3256,369),(3256,370),(3262,14),(3280,984),(3285,70),(3301,2),(3307,70),(3307,3306),(3307,725),(3311,1451),(3315,249),(3327,3325),(3327,3326),(3331,1176),(3341,1159),(3347,3346),(3356,3355),(3361,1789),(3365,267),(3369,159),(3369,160),(3369,3368),(3376,3374),(3376,3375),(3387,3386),(3397,1226),(3402,135),(3408,200),(3421,3420),(3429,3428),(3433,3432),(3440,2156),(3449,357),(3452,70),(3462,70),(3462,725),(3468,18),(3468,787),(3477,292),(3484,1201),(3484,3483),(3500,143),(3500,3499),(3500,341),(3515,3513),(3515,3514),(3522,3521),(3522,1431),(3531,70),(3572,127),(3572,659),(3605,92),(3611,127),(3632,3630),(3632,3631),(3636,385),(3636,3635),(3644,70),(3669,3668),(3682,112),(3682,3681),(3686,3685),(3694,3693),(3694,2156),(3698,3696),(3698,18),(3698,3697),(3715,3713),(3715,3714),(3721,3720),(3721,1813),(3723,227),(3728,3727),(3748,3746),(3748,3747),(3753,112),(3758,1226),(3758,3757),(3764,227),(3771,893),(3771,892),(3779,1679),(3781,369),(3793,112),(3793,3235),(3818,34),(3822,200),(3828,2156),(3847,666),(3882,2756),(3908,2863),(3927,3926),(3940,2676),(3940,3939),(3944,3943),(3966,3964),(3966,3965),(3976,2431),(3986,2537),(4002,2367),(4005,4004),(4005,1423),(4016,357),(4035,92),(4035,1062),(4043,34),(4059,312),(4076,4075),(4079,1451),(4111,14),(4132,3072),(4138,4137),(4148,4075),(4173,357),(4200,984),(4258,4257),(4269,4268),(4269,70),(4275,4274),(4287,4286),(4300,2589),(4331,1592),(4337,2589),(4395,4394),(4424,2016),(4452,135),(4483,4482),(4489,462),(4489,4488),(4530,2874),(4534,4533),(4534,30),(4547,4545),(4547,4546),(4555,14),(4558,3018),(4558,3019),(4579,448),(4587,34),(4598,34),(4604,14),(4641,292),(4691,4690),(4691,812),(4706,4705),(4742,1570),(4804,4803),(4854,1836),(4865,1382),(4876,2936),(4913,70),(4913,4912),(4964,4961),(4964,4962),(4964,4963),(5039,227),(5048,30),(5071,5070),(5095,70),(5099,1159),(5135,435),(5163,34),(5180,541),(5201,2567),(5215,5214),(5219,1226),(5228,227),(5249,127),(5249,5248),(5337,398),(5342,5340),(5342,5341),(5349,1679),(5444,5441),(5444,5442),(5444,5443),(5460,1836),(5467,5466),(5488,58),(5570,5569),(5575,5574),(5575,3964),(5619,2559),(5699,5698),(5743,5742),(5747,70),(5750,3939),(5766,5765),(5771,5770),(5775,70),(5775,5774),(5795,369),(5795,370),(5802,398),(5818,4803),(5824,735),(5887,5886),(6000,5999),(6010,70),(6010,5698),(6010,6009),(6015,14),(6035,46),(6044,6042),(6044,6043),(6089,6088),(6093,227),(6112,6111),(6120,1451),(6125,14),(6143,6141),(6143,6142),(6266,6265),(6349,200);
/*!40000 ALTER TABLE `song_has_artist` ENABLE KEYS */;
UNLOCK TABLES;

--
-- Table structure for table `songs_in_list`
--

DROP TABLE IF EXISTS `songs_in_list`;
/*!40101 SET @saved_cs_client     = @@character_set_client */;
/*!40101 SET character_set_client = utf8 */;
CREATE TABLE `songs_in_list` (
  `id` bigint(20) NOT NULL,
  `date_of_list` date DEFAULT NULL,
  `no_of_list` int(11) DEFAULT NULL,
  `pos` int(11) DEFAULT NULL,
  `song_id` bigint(20) DEFAULT NULL,
  PRIMARY KEY (`id`),
  KEY `FKjd6n0k378bay9c8i1k6o8e7s7` (`song_id`)
) ENGINE=MyISAM DEFAULT CHARSET=utf8 COLLATE=utf8_polish_ci;
/*!40101 SET character_set_client = @saved_cs_client */;

--
-- Dumping data for table `songs_in_list`
--

LOCK TABLES `songs_in_list` WRITE;
/*!40000 ALTER TABLE `songs_in_list` DISABLE KEYS */;
INSERT INTO `songs_in_list` VALUES (4,'2011-09-07',0,1,3),(8,'2011-09-07',0,2,7),(12,'2011-09-07',0,3,11),(16,'2011-09-07',0,4,15),(20,'2011-09-07',0,5,19),(24,'2011-09-07',0,6,23),(28,'2011-09-07',0,7,27),(32,'2011-09-07',0,8,31),(36,'2011-09-07',0,9,35),(40,'2011-09-07',0,10,39),(44,'2011-09-07',0,11,43),(48,'2011-09-07',0,12,47),(52,'2011-09-07',0,13,51),(56,'2011-09-07',0,14,55),(60,'2011-09-07',0,15,59),(65,'2011-09-07',0,16,64),(68,'2011-09-07',0,17,67),(72,'2011-09-07',0,18,71),(76,'2011-09-07',0,19,75),(80,'2011-09-07',0,20,79),(81,'2011-09-16',1,1,35),(82,'2011-09-16',1,2,19),(83,'2011-09-16',1,3,71),(84,'2011-09-16',1,4,59),(85,'2011-09-16',1,5,23),(88,'2011-09-16',1,6,87),(89,'2011-09-16',1,7,3),(90,'2011-09-16',1,8,15),(94,'2011-09-16',1,9,93),(95,'2011-09-16',1,10,39),(96,'2011-09-16',1,11,47),(97,'2011-09-16',1,12,51),(101,'2011-09-16',1,13,100),(102,'2011-09-16',1,14,27),(103,'2011-09-16',1,15,67),(104,'2011-09-16',1,16,7),(105,'2011-09-16',1,17,79),(109,'2011-09-16',1,18,108),(110,'2011-09-16',1,19,55),(114,'2011-09-16',1,20,113),(118,'2011-09-23',2,1,117),(119,'2011-09-23',2,2,71),(120,'2011-09-23',2,3,23),(121,'2011-09-23',2,4,35),(122,'2011-09-23',2,5,59),(123,'2011-09-23',2,6,19),(124,'2011-09-23',2,7,87),(125,'2011-09-23',2,8,3),(129,'2011-09-23',2,9,128),(132,'2011-09-23',2,10,131),(133,'2011-09-23',2,11,93),(137,'2011-09-23',2,12,136),(138,'2011-09-23',2,13,108),(139,'2011-09-23',2,14,79),(140,'2011-09-23',2,15,15),(141,'2011-09-23',2,16,47),(145,'2011-09-23',2,17,144),(148,'2011-09-23',2,18,147),(149,'2011-09-23',2,19,27),(153,'2011-09-23',2,20,152),(154,'2011-09-30',3,1,23),(157,'2011-09-30',3,2,156),(162,'2011-09-30',3,3,161),(163,'2011-09-30',3,4,59),(164,'2011-09-30',3,5,71),(165,'2011-09-30',3,6,87),(166,'2011-09-30',3,7,19),(167,'2011-09-30',3,8,117),(168,'2011-09-30',3,9,3),(169,'2011-09-30',3,10,35),(173,'2011-09-30',3,11,172),(177,'2011-09-30',3,12,176),(181,'2011-09-30',3,13,180),(182,'2011-09-30',3,14,47),(188,'2011-09-30',3,15,187),(189,'2011-09-30',3,16,131),(190,'2011-09-30',3,17,79),(191,'2011-09-30',3,18,15),(192,'2011-09-30',3,19,108),(193,'2011-09-30',3,20,93),(194,'2011-10-07',4,1,23),(197,'2011-10-07',4,2,196),(198,'2011-10-07',4,3,117),(202,'2011-10-07',4,4,201),(203,'2011-10-07',4,5,19),(204,'2011-10-07',4,6,71),(205,'2011-10-07',4,7,47),(206,'2011-10-07',4,8,156),(211,'2011-10-07',4,9,210),(212,'2011-10-07',4,10,15),(213,'2011-10-07',4,11,87),(214,'2011-10-07',4,12,59),(215,'2011-10-07',4,13,93),(216,'2011-10-07',4,14,35),(217,'2011-10-07',4,15,3),(221,'2011-10-07',4,16,220),(225,'2011-10-07',4,17,224),(229,'2011-10-07',4,18,228),(232,'2011-10-07',4,19,231),(233,'2011-10-07',4,20,79),(234,'2011-10-14',5,1,201),(235,'2011-10-14',5,2,19),(236,'2011-10-14',5,3,156),(237,'2011-10-14',5,4,71),(241,'2011-10-14',5,5,240),(242,'2011-10-14',5,6,23),(243,'2011-10-14',5,7,117),(244,'2011-10-14',5,8,87),(245,'2011-10-14',5,9,93),(246,'2011-10-14',5,10,210),(247,'2011-10-14',5,11,35),(252,'2011-10-14',5,12,251),(256,'2011-10-14',5,13,255),(257,'2011-10-14',5,14,59),(258,'2011-10-14',5,15,196),(259,'2011-10-14',5,16,47),(260,'2011-10-14',5,17,3),(264,'2011-10-14',5,18,263),(265,'2011-10-14',5,19,79),(269,'2011-10-14',5,20,268),(270,'2011-10-21',6,1,201),(271,'2011-10-21',6,2,19),(272,'2011-10-21',6,3,71),(275,'2011-10-21',6,4,274),(276,'2011-10-21',6,5,156),(280,'2011-10-21',6,6,279),(281,'2011-10-21',6,7,87),(282,'2011-10-21',6,8,93),(283,'2011-10-21',6,9,240),(284,'2011-10-21',6,10,47),(285,'2011-10-21',6,11,35),(286,'2011-10-21',6,12,3),(287,'2011-10-21',6,13,117),(288,'2011-10-21',6,14,23),(289,'2011-10-21',6,15,210),(290,'2011-10-21',6,16,255),(294,'2011-10-21',6,17,293),(295,'2011-10-21',6,18,59),(299,'2011-10-21',6,19,298),(300,'2011-10-21',6,20,268),(303,'2011-10-28',7,1,302),(304,'2011-10-28',7,2,201),(307,'2011-10-28',7,3,306),(308,'2011-10-28',7,4,19),(309,'2011-10-28',7,5,71),(315,'2011-10-28',7,6,314),(316,'2011-10-28',7,7,156),(317,'2011-10-28',7,8,87),(318,'2011-10-28',7,9,240),(319,'2011-10-28',7,10,23),(320,'2011-10-28',7,11,35),(321,'2011-10-28',7,12,93),(324,'2011-10-28',7,13,323),(325,'2011-10-28',7,14,274),(326,'2011-10-28',7,15,3),(327,'2011-10-28',7,16,279),(328,'2011-10-28',7,17,268),(329,'2011-10-28',7,18,117),(330,'2011-10-28',7,19,59),(331,'2011-10-28',7,20,255),(332,'2011-11-04',8,1,201),(336,'2011-11-04',8,2,335),(337,'2011-11-04',8,3,302),(338,'2011-11-04',8,4,314),(339,'2011-11-04',8,5,306),(343,'2011-11-04',8,6,342),(344,'2011-11-04',8,7,71),(345,'2011-11-04',8,8,117),(346,'2011-11-04',8,9,19),(347,'2011-11-04',8,10,23),(348,'2011-11-04',8,11,156),(349,'2011-11-04',8,12,279),(350,'2011-11-04',8,13,87),(354,'2011-11-04',8,14,353),(355,'2011-11-04',8,15,59),(359,'2011-11-04',8,16,358),(360,'2011-11-04',8,17,93),(361,'2011-11-04',8,18,3),(362,'2011-11-04',8,19,35),(366,'2011-11-04',8,20,365),(367,'2011-11-11',9,1,201),(372,'2011-11-11',9,2,371),(373,'2011-11-11',9,3,302),(374,'2011-11-11',9,4,314),(375,'2011-11-11',9,5,19),(376,'2011-11-11',9,6,71),(377,'2011-11-11',9,7,3),(378,'2011-11-11',9,8,306),(379,'2011-11-11',9,9,87),(380,'2011-11-11',9,10,117),(381,'2011-11-11',9,11,156),(382,'2011-11-11',9,12,23),(383,'2011-11-11',9,13,353),(387,'2011-11-11',9,14,386),(390,'2011-11-11',9,15,389),(391,'2011-11-11',9,16,335),(392,'2011-11-11',9,17,93),(396,'2011-11-11',9,18,395),(400,'2011-11-11',9,19,399),(403,'2011-11-11',9,20,402),(404,'2011-11-18',10,1,371),(405,'2011-11-18',10,2,201),(409,'2011-11-18',10,3,408),(410,'2011-11-18',10,4,302),(411,'2011-11-18',10,5,314),(412,'2011-11-18',10,6,3),(413,'2011-11-18',10,7,71),(414,'2011-11-18',10,8,399),(415,'2011-11-18',10,9,23),(416,'2011-11-18',10,10,156),(420,'2011-11-18',10,11,419),(421,'2011-11-18',10,12,335),(422,'2011-11-18',10,13,117),(423,'2011-11-18',10,14,353),(424,'2011-11-18',10,15,19),(428,'2011-11-18',10,16,427),(432,'2011-11-18',10,17,431),(433,'2011-11-18',10,18,87),(437,'2011-11-18',10,19,436),(438,'2011-11-18',10,20,389),(439,'2011-11-25',11,1,201),(442,'2011-11-25',11,2,441),(443,'2011-11-25',11,3,371),(446,'2011-11-25',11,4,445),(450,'2011-11-25',11,5,449),(451,'2011-11-25',11,6,314),(452,'2011-11-25',11,7,71),(453,'2011-11-25',11,8,302),(454,'2011-11-25',11,9,408),(455,'2011-11-25',11,10,399),(456,'2011-11-25',11,11,335),(457,'2011-11-25',11,12,19),(458,'2011-11-25',11,13,156),(459,'2011-11-25',11,14,87),(460,'2011-11-25',11,15,23),(464,'2011-11-25',11,16,463),(465,'2011-11-25',11,17,3),(466,'2011-11-25',11,18,389),(467,'2011-11-25',11,19,436),(468,'2011-11-25',11,20,117),(469,'2011-12-02',12,1,201),(474,'2011-12-02',12,2,473),(475,'2011-12-02',12,3,302),(476,'2011-12-02',12,4,71),(477,'2011-12-02',12,5,314),(478,'2011-12-02',12,6,371),(482,'2011-12-02',12,7,481),(483,'2011-12-02',12,8,441),(484,'2011-12-02',12,9,156),(485,'2011-12-02',12,10,399),(486,'2011-12-02',12,11,449),(487,'2011-12-02',12,12,117),(488,'2011-12-02',12,13,445),(491,'2011-12-02',12,14,490),(492,'2011-12-02',12,15,87),(493,'2011-12-02',12,16,408),(494,'2011-12-02',12,17,19),(495,'2011-12-02',12,18,335),(496,'2011-12-02',12,19,419),(497,'2011-12-02',12,20,23),(498,'2011-12-09',13,1,201),(499,'2011-12-09',13,2,71),(502,'2011-12-09',13,3,501),(503,'2011-12-09',13,4,302),(506,'2011-12-09',13,5,505),(510,'2011-12-09',13,6,509),(511,'2011-12-09',13,7,156),(512,'2011-12-09',13,8,473),(513,'2011-12-09',13,9,314),(514,'2011-12-09',13,10,335),(515,'2011-12-09',13,11,87),(516,'2011-12-09',13,12,399),(517,'2011-12-09',13,13,449),(518,'2011-12-09',13,14,371),(519,'2011-12-09',13,15,23),(520,'2011-12-09',13,16,117),(521,'2011-12-09',13,17,419),(522,'2011-12-09',13,18,441),(523,'2011-12-09',13,19,408),(524,'2011-12-09',13,20,445),(525,'2011-12-16',14,1,71),(526,'2011-12-16',14,2,19),(527,'2011-12-16',14,3,201),(528,'2011-12-16',14,4,501),(529,'2011-12-16',14,5,156),(530,'2011-12-16',14,6,408),(534,'2011-12-16',14,7,533),(535,'2011-12-16',14,8,473),(536,'2011-12-16',14,9,445),(537,'2011-12-16',14,10,371),(538,'2011-12-16',14,11,23),(539,'2011-12-16',14,12,302),(543,'2011-12-16',14,13,542),(544,'2011-12-16',14,14,314),(545,'2011-12-16',14,15,441),(546,'2011-12-16',14,16,399),(547,'2011-12-16',14,17,87),(548,'2011-12-16',14,18,335),(551,'2011-12-16',14,19,550),(555,'2011-12-16',14,20,554),(559,'2011-12-30',15,1,558),(560,'2011-12-30',15,2,201),(561,'2011-12-30',15,3,71),(562,'2011-12-30',15,4,19),(566,'2011-12-30',15,5,565),(570,'2011-12-30',15,6,569),(571,'2011-12-30',15,7,302),(572,'2011-12-30',15,8,87),(573,'2011-12-30',15,9,335),(574,'2011-12-30',15,10,371),(575,'2011-12-30',15,11,23),(576,'2011-12-30',15,12,533),(577,'2011-12-30',15,13,441),(578,'2011-12-30',15,14,473),(579,'2011-12-30',15,15,156),(580,'2011-12-30',15,16,314),(581,'2011-12-30',15,17,501),(582,'2011-12-30',15,18,408),(583,'2011-12-30',15,19,445),(584,'2011-12-30',15,20,399),(587,'2012-01-06',16,1,586),(588,'2012-01-06',16,2,558),(589,'2012-01-06',16,3,71),(590,'2012-01-06',16,4,87),(591,'2012-01-06',16,5,19),(592,'2012-01-06',16,6,302),(593,'2012-01-06',16,7,533),(597,'2012-01-06',16,8,596),(598,'2012-01-06',16,9,201),(599,'2012-01-06',16,10,156),(600,'2012-01-06',16,11,399),(601,'2012-01-06',16,12,314),(605,'2012-01-06',16,13,604),(609,'2012-01-06',16,14,608),(610,'2012-01-06',16,15,371),(611,'2012-01-06',16,16,445),(612,'2012-01-06',16,17,569),(613,'2012-01-06',16,18,501),(614,'2012-01-06',16,19,23),(615,'2012-01-06',16,20,565),(616,'2012-01-13',17,1,23),(617,'2012-01-13',17,2,335),(618,'2012-01-13',17,3,586),(621,'2012-01-13',17,4,620),(622,'2012-01-13',17,5,19),(623,'2012-01-13',17,6,558),(627,'2012-01-13',17,7,626),(628,'2012-01-13',17,8,201),(629,'2012-01-13',17,9,87),(630,'2012-01-13',17,10,71),(631,'2012-01-13',17,11,501),(632,'2012-01-13',17,12,533),(633,'2012-01-13',17,13,314),(634,'2012-01-13',17,14,302),(635,'2012-01-13',17,15,156),(636,'2012-01-13',17,16,565),(637,'2012-01-13',17,17,371),(638,'2012-01-13',17,18,604),(639,'2012-01-13',17,19,569),(640,'2012-01-13',17,20,445),(641,'2012-01-20',18,1,23),(642,'2012-01-20',18,2,156),(643,'2012-01-20',18,3,302),(644,'2012-01-20',18,4,71),(645,'2012-01-20',18,5,586),(646,'2012-01-20',18,6,19),(647,'2012-01-20',18,7,399),(648,'2012-01-20',18,8,558),(649,'2012-01-20',18,9,314),(650,'2012-01-20',18,10,371),(651,'2012-01-20',18,11,501),(655,'2012-01-20',18,12,654),(656,'2012-01-20',18,13,201),(662,'2012-01-20',18,14,661),(663,'2012-01-20',18,15,533),(664,'2012-01-20',18,16,620),(668,'2012-01-20',18,17,667),(671,'2012-01-20',18,18,670),(672,'2012-01-20',18,19,445),(673,'2012-01-20',18,20,569),(677,'2012-01-27',19,1,676),(680,'2012-01-27',19,2,679),(684,'2012-01-27',19,3,683),(685,'2012-01-27',19,4,71),(686,'2012-01-27',19,5,23),(687,'2012-01-27',19,6,19),(688,'2012-01-27',19,7,302),(691,'2012-01-27',19,8,690),(692,'2012-01-27',19,9,314),(696,'2012-01-27',19,10,695),(697,'2012-01-27',19,11,156),(698,'2012-01-27',19,12,586),(699,'2012-01-27',19,13,533),(700,'2012-01-27',19,14,371),(701,'2012-01-27',19,15,654),(702,'2012-01-27',19,16,201),(703,'2012-01-27',19,17,445),(704,'2012-01-27',19,18,667),(705,'2012-01-27',19,19,501),(706,'2012-01-27',19,20,558),(707,'2012-02-03',20,1,676),(708,'2012-02-03',20,2,23),(712,'2012-02-03',20,3,711),(713,'2012-02-03',20,4,201),(714,'2012-02-03',20,5,558),(715,'2012-02-03',20,6,71),(716,'2012-02-03',20,7,302),(717,'2012-02-03',20,8,679),(718,'2012-02-03',20,9,695),(719,'2012-02-03',20,10,586),(720,'2012-02-03',20,11,533),(721,'2012-02-03',20,12,156),(722,'2012-02-03',20,13,314),(727,'2012-02-03',20,14,726),(728,'2012-02-03',20,15,501),(729,'2012-02-03',20,16,683),(732,'2012-02-03',20,17,731),(733,'2012-02-03',20,18,19),(737,'2012-02-03',20,19,736),(738,'2012-02-03',20,20,371),(739,'2012-02-10',21,1,676),(740,'2012-02-10',21,2,23),(741,'2012-02-10',21,3,19),(742,'2012-02-10',21,4,201),(743,'2012-02-10',21,5,71),(744,'2012-02-10',21,6,711),(747,'2012-02-10',21,7,746),(748,'2012-02-10',21,8,302),(752,'2012-02-10',21,9,751),(753,'2012-02-10',21,10,371),(754,'2012-02-10',21,11,679),(755,'2012-02-10',21,12,683),(756,'2012-02-10',21,13,695),(757,'2012-02-10',21,14,726),(758,'2012-02-10',21,15,156),(759,'2012-02-10',21,16,314),(760,'2012-02-10',21,17,501),(761,'2012-02-10',21,18,558),(762,'2012-02-10',21,19,533),(763,'2012-02-10',21,20,661),(764,'2012-02-17',22,1,676),(765,'2012-02-17',22,2,23),(766,'2012-02-17',22,3,201),(769,'2012-02-17',22,4,768),(770,'2012-02-17',22,5,19),(771,'2012-02-17',22,6,71),(772,'2012-02-17',22,7,558),(773,'2012-02-17',22,8,533),(774,'2012-02-17',22,9,695),(778,'2012-02-17',22,10,777),(779,'2012-02-17',22,11,501),(783,'2012-02-17',22,12,782),(784,'2012-02-17',22,13,711),(785,'2012-02-17',22,14,683),(789,'2012-02-17',22,15,788),(790,'2012-02-17',22,16,302),(791,'2012-02-17',22,17,156),(792,'2012-02-17',22,18,679),(793,'2012-02-17',22,19,726),(797,'2012-02-17',22,20,796),(801,'2012-02-24',23,1,800),(802,'2012-02-24',23,2,676),(803,'2012-02-24',23,3,302),(804,'2012-02-24',23,4,726),(805,'2012-02-24',23,5,23),(806,'2012-02-24',23,6,156),(809,'2012-02-24',23,7,808),(810,'2012-02-24',23,8,201),(814,'2012-02-24',23,9,813),(815,'2012-02-24',23,10,19),(816,'2012-02-24',23,11,71),(817,'2012-02-24',23,12,501),(818,'2012-02-24',23,13,695),(819,'2012-02-24',23,14,558),(820,'2012-02-24',23,15,683),(821,'2012-02-24',23,16,796),(822,'2012-02-24',23,17,679),(823,'2012-02-24',23,18,533),(829,'2012-02-24',23,19,828),(830,'2012-02-24',23,20,711),(831,'2012-03-02',24,1,676),(834,'2012-03-02',24,2,833),(835,'2012-03-02',24,3,71),(836,'2012-03-02',24,4,800),(837,'2012-03-02',24,5,19),(838,'2012-03-02',24,6,23),(839,'2012-03-02',24,7,302),(840,'2012-03-02',24,8,726),(841,'2012-03-02',24,9,533),(842,'2012-03-02',24,10,695),(843,'2012-03-02',24,11,808),(845,'2012-03-02',24,12,844),(846,'2012-03-02',24,13,711),(849,'2012-03-02',24,14,848),(850,'2012-03-02',24,15,683),(851,'2012-03-02',24,16,201),(852,'2012-03-02',24,17,558),(853,'2012-03-02',24,18,156),(854,'2012-03-02',24,19,501),(855,'2012-03-02',24,20,788),(856,'2012-03-09',25,1,156),(857,'2012-03-09',25,2,676),(858,'2012-03-09',25,3,23),(863,'2012-03-09',25,4,862),(864,'2012-03-09',25,5,71),(865,'2012-03-09',25,6,302),(866,'2012-03-09',25,7,19),(867,'2012-03-09',25,8,501),(868,'2012-03-09',25,9,800),(871,'2012-03-09',25,10,870),(872,'2012-03-09',25,11,808),(873,'2012-03-09',25,12,533),(874,'2012-03-09',25,13,683),(875,'2012-03-09',25,14,833),(876,'2012-03-09',25,15,726),(877,'2012-03-09',25,16,558),(880,'2012-03-09',25,17,879),(881,'2012-03-09',25,18,695),(884,'2012-03-09',25,19,883),(886,'2012-03-09',25,20,885),(887,'2012-03-16',26,1,23),(888,'2012-03-16',26,2,676),(889,'2012-03-16',26,3,19),(890,'2012-03-16',26,4,156),(895,'2012-03-16',26,5,894),(896,'2012-03-16',26,6,833),(897,'2012-03-16',26,7,726),(898,'2012-03-16',26,8,71),(899,'2012-03-16',26,9,683),(900,'2012-03-16',26,10,862),(901,'2012-03-16',26,11,501),(902,'2012-03-16',26,12,695),(903,'2012-03-16',26,13,870),(904,'2012-03-16',26,14,800),(905,'2012-03-16',26,15,302),(906,'2012-03-16',26,16,808),(907,'2012-03-16',26,17,533),(908,'2012-03-16',26,18,558),(911,'2012-03-16',26,19,910),(915,'2012-03-16',26,20,914),(916,'2012-03-23',27,1,19),(917,'2012-03-23',27,2,676),(920,'2012-03-23',27,3,919),(921,'2012-03-23',27,4,23),(924,'2012-03-23',27,5,923),(927,'2012-03-23',27,6,926),(928,'2012-03-23',27,7,156),(929,'2012-03-23',27,8,71),(930,'2012-03-23',27,9,302),(931,'2012-03-23',27,10,683),(932,'2012-03-23',27,11,833),(933,'2012-03-23',27,12,533),(934,'2012-03-23',27,13,695),(935,'2012-03-23',27,14,55),(936,'2012-03-23',27,15,353),(937,'2012-03-23',27,16,726),(938,'2012-03-23',27,17,558),(939,'2012-03-23',27,18,808),(940,'2012-03-23',27,19,501),(941,'2012-03-23',27,20,800),(942,'2012-03-30',28,1,19),(943,'2012-03-30',28,2,919),(944,'2012-03-30',28,3,23),(945,'2012-03-30',28,4,676),(946,'2012-03-30',28,5,156),(947,'2012-03-30',28,6,923),(948,'2012-03-30',28,7,302),(949,'2012-03-30',28,8,800),(950,'2012-03-30',28,9,71),(951,'2012-03-30',28,10,501),(952,'2012-03-30',28,11,683),(953,'2012-03-30',28,12,926),(957,'2012-03-30',28,13,956),(958,'2012-03-30',28,14,695),(959,'2012-03-30',28,15,353),(960,'2012-03-30',28,16,808),(961,'2012-03-30',28,17,533),(962,'2012-03-30',28,18,558),(963,'2012-03-30',28,19,55),(964,'2012-03-30',28,20,108),(965,'2012-04-13',29,1,19),(966,'2012-04-13',29,2,23),(967,'2012-04-13',29,3,156),(968,'2012-04-13',29,4,676),(969,'2012-04-13',29,5,302),(970,'2012-04-13',29,6,919),(971,'2012-04-13',29,7,71),(974,'2012-04-13',29,8,973),(975,'2012-04-13',29,9,558),(976,'2012-04-13',29,10,683),(977,'2012-04-13',29,11,695),(978,'2012-04-13',29,12,923),(979,'2012-04-13',29,13,55),(980,'2012-04-13',29,14,501),(981,'2012-04-13',29,15,800),(982,'2012-04-13',29,16,926),(986,'2012-04-13',29,17,985),(987,'2012-04-13',29,18,533),(988,'2012-04-13',29,19,808),(989,'2012-04-13',29,20,353),(992,'2012-04-20',30,1,991),(993,'2012-04-20',30,2,19),(994,'2012-04-20',30,3,156),(995,'2012-04-20',30,4,23),(996,'2012-04-20',30,5,100),(997,'2012-04-20',30,6,302),(998,'2012-04-20',30,7,676),(1001,'2012-04-20',30,8,1000),(1002,'2012-04-20',30,9,71),(1003,'2012-04-20',30,10,558),(1004,'2012-04-20',30,11,919),(1005,'2012-04-20',30,12,533),(1008,'2012-04-20',30,13,1007),(1009,'2012-04-20',30,14,353),(1010,'2012-04-20',30,15,695),(1011,'2012-04-20',30,16,923),(1012,'2012-04-20',30,17,926),(1013,'2012-04-20',30,18,800),(1014,'2012-04-20',30,19,501),(1015,'2012-04-20',30,20,808),(1016,'2012-04-27',31,1,19),(1017,'2012-04-27',31,2,991),(1018,'2012-04-27',31,3,156),(1019,'2012-04-27',31,4,23),(1020,'2012-04-27',31,5,302),(1021,'2012-04-27',31,6,100),(1022,'2012-04-27',31,7,800),(1023,'2012-04-27',31,8,695),(1024,'2012-04-27',31,9,71),(1025,'2012-04-27',31,10,926),(1026,'2012-04-27',31,11,676),(1027,'2012-04-27',31,12,501),(1028,'2012-04-27',31,13,919),(1032,'2012-04-27',31,14,1031),(1033,'2012-04-27',31,15,1007),(1034,'2012-04-27',31,16,923),(1035,'2012-04-27',31,17,533),(1036,'2012-04-27',31,18,558),(1037,'2012-04-27',31,19,808),(1041,'2012-04-27',31,20,1040),(1042,'2012-05-04',32,1,19),(1043,'2012-05-04',32,2,695),(1044,'2012-05-04',32,3,156),(1045,'2012-05-04',32,4,302),(1046,'2012-05-04',32,5,23),(1047,'2012-05-04',32,6,100),(1048,'2012-05-04',32,7,991),(1049,'2012-05-04',32,8,533),(1050,'2012-05-04',32,9,808),(1051,'2012-05-04',32,10,926),(1052,'2012-05-04',32,11,1031),(1053,'2012-05-04',32,12,71),(1054,'2012-05-04',32,13,800),(1057,'2012-05-04',32,14,1056),(1060,'2012-05-04',32,15,1059),(1064,'2012-05-04',32,16,1063),(1065,'2012-05-04',32,17,923),(1070,'2012-05-04',32,18,1069),(1071,'2012-05-04',32,19,558),(1072,'2012-05-04',32,20,676),(1073,'2012-05-11',33,1,100),(1074,'2012-05-11',33,2,19),(1075,'2012-05-11',33,3,695),(1076,'2012-05-11',33,4,302),(1077,'2012-05-11',33,5,156),(1078,'2012-05-11',33,6,71),(1079,'2012-05-11',33,7,533),(1080,'2012-05-11',33,8,23),(1081,'2012-05-11',33,9,808),(1085,'2012-05-11',33,10,1084),(1088,'2012-05-11',33,11,1087),(1090,'2012-05-11',33,12,1089),(1091,'2012-05-11',33,13,800),(1092,'2012-05-11',33,14,926),(1093,'2012-05-11',33,15,991),(1094,'2012-05-11',33,16,676),(1095,'2012-05-11',33,17,1031),(1096,'2012-05-11',33,18,923),(1097,'2012-05-11',33,19,1056),(1101,'2012-05-11',33,20,1100),(1102,'2012-05-18',34,1,19),(1103,'2012-05-18',34,2,100),(1104,'2012-05-18',34,3,695),(1105,'2012-05-18',34,4,156),(1109,'2012-05-18',34,5,1108),(1110,'2012-05-18',34,6,71),(1112,'2012-05-18',34,7,1111),(1113,'2012-05-18',34,8,23),(1114,'2012-05-18',34,9,302),(1115,'2012-05-18',34,10,676),(1116,'2012-05-18',34,11,533),(1117,'2012-05-18',34,12,991),(1118,'2012-05-18',34,13,1031),(1120,'2012-05-18',34,14,1119),(1123,'2012-05-18',34,15,1122),(1124,'2012-05-18',34,16,800),(1125,'2012-05-18',34,17,1084),(1126,'2012-05-18',34,18,808),(1127,'2012-05-18',34,19,923),(1128,'2012-05-18',34,20,1056),(1130,'2012-06-01',35,1,1129),(1131,'2012-06-01',35,2,19),(1132,'2012-06-01',35,3,1108),(1133,'2012-06-01',35,4,695),(1136,'2012-06-01',35,5,1135),(1137,'2012-06-01',35,6,100),(1138,'2012-06-01',35,7,23),(1139,'2012-06-01',35,8,156),(1140,'2012-06-01',35,9,1122),(1142,'2012-06-01',35,10,1141),(1143,'2012-06-01',35,11,923),(1144,'2012-06-01',35,12,533),(1145,'2012-06-01',35,13,808),(1146,'2012-06-01',35,14,676),(1147,'2012-06-01',35,15,71),(1148,'2012-06-01',35,16,1031),(1149,'2012-06-01',35,17,1111),(1153,'2012-06-01',35,18,1152),(1154,'2012-06-01',35,19,991),(1155,'2012-06-01',35,20,1084),(1156,'2012-06-08',36,1,1129),(1157,'2012-06-08',36,2,19),(1161,'2012-06-08',36,3,1160),(1162,'2012-06-08',36,4,23),(1163,'2012-06-08',36,5,100),(1164,'2012-06-08',36,6,71),(1165,'2012-06-08',36,7,695),(1166,'2012-06-08',36,8,1135),(1167,'2012-06-08',36,9,156),(1168,'2012-06-08',36,10,676),(1169,'2012-06-08',36,11,533),(1170,'2012-06-08',36,12,991),(1171,'2012-06-08',36,13,1122),(1172,'2012-06-08',36,14,1084),(1173,'2012-06-08',36,15,1031),(1174,'2012-06-08',36,16,1152),(1178,'2012-06-08',36,17,1177),(1179,'2012-06-08',36,18,1111),(1180,'2012-06-08',36,19,808),(1181,'2012-06-08',36,20,923),(1182,'2012-06-15',37,1,1129),(1186,'2012-06-15',37,2,1185),(1189,'2012-06-15',37,3,1188),(1190,'2012-06-15',37,4,19),(1191,'2012-06-15',37,5,100),(1192,'2012-06-15',37,6,695),(1195,'2012-06-15',37,7,1194),(1196,'2012-06-15',37,8,71),(1197,'2012-06-15',37,9,156),(1198,'2012-06-15',37,10,533),(1199,'2012-06-15',37,11,808),(1203,'2012-06-15',37,12,1202),(1204,'2012-06-15',37,13,676),(1205,'2012-06-15',37,14,923),(1206,'2012-06-15',37,15,23),(1207,'2012-06-15',37,16,1152),(1208,'2012-06-15',37,17,991),(1209,'2012-06-15',37,18,1122),(1210,'2012-06-15',37,19,1111),(1211,'2012-06-15',37,20,1160),(1212,'2012-06-22',38,1,19),(1213,'2012-06-22',38,2,100),(1214,'2012-06-22',38,3,1129),(1215,'2012-06-22',38,4,23),(1216,'2012-06-22',38,5,695),(1217,'2012-06-22',38,6,156),(1220,'2012-06-22',38,7,1219),(1221,'2012-06-22',38,8,1185),(1222,'2012-06-22',38,9,71),(1223,'2012-06-22',38,10,1188),(1224,'2012-06-22',38,11,923),(1228,'2012-06-22',38,12,1227),(1229,'2012-06-22',38,13,808),(1230,'2012-06-22',38,14,1152),(1231,'2012-06-22',38,15,1160),(1232,'2012-06-22',38,16,991),(1233,'2012-06-22',38,17,1122),(1234,'2012-06-22',38,18,676),(1237,'2012-06-22',38,19,1236),(1240,'2012-06-22',38,20,1239),(1244,'2012-09-01',39,1,1243),(1245,'2012-09-01',39,2,1129),(1246,'2012-09-01',39,3,676),(1247,'2012-09-01',39,4,19),(1248,'2012-09-01',39,5,23),(1249,'2012-09-01',39,6,1122),(1250,'2012-09-01',39,7,100),(1251,'2012-09-01',39,8,156),(1252,'2012-09-01',39,9,1219),(1255,'2012-09-01',39,10,1254),(1256,'2012-09-01',39,11,1152),(1257,'2012-09-01',39,12,71),(1258,'2012-09-01',39,13,1236),(1259,'2012-09-01',39,14,695),(1260,'2012-09-01',39,15,1188),(1261,'2012-09-01',39,16,923),(1264,'2012-09-01',39,17,1263),(1265,'2012-09-01',39,18,991),(1266,'2012-09-01',39,19,1185),(1271,'2012-09-01',39,20,1270),(1272,'2012-09-07',40,1,695),(1273,'2012-09-07',40,2,100),(1274,'2012-09-07',40,3,1129),(1275,'2012-09-07',40,4,1243),(1276,'2012-09-07',40,5,1152),(1277,'2012-09-07',40,6,71),(1278,'2012-09-07',40,7,156),(1279,'2012-09-07',40,8,991),(1280,'2012-09-07',40,9,1122),(1281,'2012-09-07',40,10,1263),(1284,'2012-09-07',40,11,1283),(1287,'2012-09-07',40,12,1286),(1290,'2012-09-07',40,13,1289),(1292,'2012-09-07',40,14,1291),(1293,'2012-09-07',40,15,1219),(1296,'2012-09-07',40,16,1295),(1297,'2012-09-07',40,17,923),(1300,'2012-09-07',40,18,1299),(1301,'2012-09-07',40,19,1185),(1304,'2012-09-07',40,20,1303),(1306,'2012-09-14',41,1,1305),(1307,'2012-09-14',41,2,100),(1308,'2012-09-14',41,3,695),(1309,'2012-09-14',41,4,1129),(1310,'2012-09-14',41,5,923),(1311,'2012-09-14',41,6,71),(1312,'2012-09-14',41,7,991),(1313,'2012-09-14',41,8,1152),(1314,'2012-09-14',41,9,1243),(1315,'2012-09-14',41,10,1263),(1316,'2012-09-14',41,11,1122),(1317,'2012-09-14',41,12,156),(1318,'2012-09-14',41,13,1299),(1321,'2012-09-14',41,14,1320),(1322,'2012-09-14',41,15,1185),(1326,'2012-09-14',41,16,1325),(1327,'2012-09-14',41,17,1291),(1328,'2012-09-14',41,18,1303),(1329,'2012-09-14',41,19,1283),(1332,'2012-09-14',41,20,1331),(1333,'2012-09-21',42,1,1129),(1334,'2012-09-21',42,2,1305),(1335,'2012-09-21',42,3,100),(1336,'2012-09-21',42,4,71),(1337,'2012-09-21',42,5,156),(1338,'2012-09-21',42,6,1243),(1339,'2012-09-21',42,7,695),(1340,'2012-09-21',42,8,1152),(1341,'2012-09-21',42,9,991),(1342,'2012-09-21',42,10,923),(1343,'2012-09-21',42,11,1263),(1344,'2012-09-21',42,12,1122),(1345,'2012-09-21',42,13,1283),(1349,'2012-09-21',42,14,1348),(1352,'2012-09-21',42,15,1351),(1353,'2012-09-21',42,16,1303),(1357,'2012-09-21',42,17,1356),(1358,'2012-09-21',42,18,1320),(1359,'2012-09-21',42,19,1185),(1360,'2012-09-21',42,20,1291),(1361,'2012-09-28',43,1,1305),(1362,'2012-09-28',43,2,1351),(1365,'2012-09-28',43,3,1364),(1366,'2012-09-28',43,4,100),(1367,'2012-09-28',43,5,1129),(1368,'2012-09-28',43,6,1263),(1369,'2012-09-28',43,7,1122),(1370,'2012-09-28',43,8,695),(1371,'2012-09-28',43,9,923),(1372,'2012-09-28',43,10,1291),(1376,'2012-09-28',43,11,1375),(1377,'2012-09-28',43,12,71),(1378,'2012-09-28',43,13,1152),(1379,'2012-09-28',43,14,1243),(1380,'2012-09-28',43,15,991),(1384,'2012-09-28',43,16,1383),(1385,'2012-09-28',43,17,156),(1386,'2012-09-28',43,18,1348),(1390,'2012-09-28',43,19,1389),(1391,'2012-09-28',43,20,1185),(1392,'2012-10-05',44,1,1129),(1396,'2012-10-05',44,2,1395),(1397,'2012-10-05',44,3,71),(1398,'2012-10-05',44,4,1305),(1400,'2012-10-05',44,5,1399),(1403,'2012-10-05',44,6,1402),(1404,'2012-10-05',44,7,156),(1405,'2012-10-05',44,8,1152),(1406,'2012-10-05',44,9,695),(1407,'2012-10-05',44,10,1351),(1408,'2012-10-05',44,11,1263),(1409,'2012-10-05',44,12,1364),(1413,'2012-10-05',44,13,1412),(1414,'2012-10-05',44,14,1185),(1415,'2012-10-05',44,15,923),(1418,'2012-10-05',44,16,1417),(1419,'2012-10-05',44,17,1122),(1420,'2012-10-05',44,18,100),(1421,'2012-10-05',44,19,1243),(1427,'2012-10-05',44,20,1426),(1428,'2012-10-12',45,1,1395),(1429,'2012-10-12',45,2,1399),(1433,'2012-10-12',45,3,1432),(1434,'2012-10-12',45,4,1305),(1435,'2012-10-12',45,5,1152),(1436,'2012-10-12',45,6,1129),(1437,'2012-10-12',45,7,71),(1438,'2012-10-12',45,8,1412),(1439,'2012-10-12',45,9,156),(1440,'2012-10-12',45,10,1417),(1441,'2012-10-12',45,11,1185),(1442,'2012-10-12',45,12,923),(1443,'2012-10-12',45,13,1402),(1444,'2012-10-12',45,14,1243),(1445,'2012-10-12',45,15,1263),(1446,'2012-10-12',45,16,695),(1447,'2012-10-12',45,17,1351),(1448,'2012-10-12',45,18,1364),(1449,'2012-10-12',45,19,1122),(1453,'2012-10-12',45,20,1452),(1454,'2012-10-19',46,1,1432),(1455,'2012-10-19',46,2,1399),(1456,'2012-10-19',46,3,1129),(1457,'2012-10-19',46,4,1395),(1460,'2012-10-19',46,5,1459),(1461,'2012-10-19',46,6,71),(1462,'2012-10-19',46,7,1305),(1463,'2012-10-19',46,8,1152),(1464,'2012-10-19',46,9,1263),(1465,'2012-10-19',46,10,156),(1466,'2012-10-19',46,11,1412),(1467,'2012-10-19',46,12,1243),(1468,'2012-10-19',46,13,695),(1469,'2012-10-19',46,14,1122),(1470,'2012-10-19',46,15,1402),(1473,'2012-10-19',46,16,1472),(1474,'2012-10-19',46,17,1417),(1475,'2012-10-19',46,18,923),(1476,'2012-10-19',46,19,1364),(1480,'2012-10-19',46,20,1479),(1481,'2012-10-26',47,1,1305),(1482,'2012-10-26',47,2,1129),(1483,'2012-10-26',47,3,1399),(1484,'2012-10-26',47,4,1432),(1485,'2012-10-26',47,5,71),(1486,'2012-10-26',47,6,1459),(1490,'2012-10-26',47,7,1489),(1491,'2012-10-26',47,8,923),(1492,'2012-10-26',47,9,1395),(1493,'2012-10-26',47,10,1364),(1494,'2012-10-26',47,11,1402),(1498,'2012-10-26',47,12,1497),(1499,'2012-10-26',47,13,156),(1500,'2012-10-26',47,14,1243),(1501,'2012-10-26',47,15,1263),(1502,'2012-10-26',47,16,695),(1503,'2012-10-26',47,17,1412),(1507,'2012-10-26',47,18,1506),(1508,'2012-10-26',47,19,1122),(1509,'2012-10-26',47,20,1479),(1510,'2012-11-02',48,1,1432),(1511,'2012-11-02',48,2,1305),(1514,'2012-11-02',48,3,1513),(1515,'2012-11-02',48,4,1129),(1516,'2012-11-02',48,5,1399),(1517,'2012-11-02',48,6,71),(1518,'2012-11-02',48,7,156),(1519,'2012-11-02',48,8,1402),(1520,'2012-11-02',48,9,1459),(1524,'2012-11-02',48,10,1523),(1527,'2012-11-02',48,11,1526),(1528,'2012-11-02',48,12,1489),(1529,'2012-11-02',48,13,1412),(1530,'2012-11-02',48,14,1263),(1531,'2012-11-02',48,15,923),(1532,'2012-11-02',48,16,1243),(1533,'2012-11-02',48,17,1395),(1539,'2012-11-02',48,18,1538),(1541,'2012-11-02',48,19,1540),(1542,'2012-11-02',48,20,1506),(1543,'2012-11-09',49,1,1432),(1544,'2012-11-09',49,2,1129),(1545,'2012-11-09',49,3,1459),(1546,'2012-11-09',49,4,1513),(1550,'2012-11-09',49,5,1549),(1551,'2012-11-09',49,6,1526),(1552,'2012-11-09',49,7,1399),(1553,'2012-11-09',49,8,71),(1554,'2012-11-09',49,9,1395),(1555,'2012-11-09',49,10,1305),(1556,'2012-11-09',49,11,1243),(1557,'2012-11-09',49,12,156),(1558,'2012-11-09',49,13,1402),(1559,'2012-11-09',49,14,1523),(1560,'2012-11-09',49,15,1489),(1561,'2012-11-09',49,16,1538),(1562,'2012-11-09',49,17,1412),(1563,'2012-11-09',49,18,1263),(1566,'2012-11-09',49,19,1565),(1572,'2012-11-09',49,20,1571),(1573,'2012-11-16',50,1,1526),(1574,'2012-11-16',50,2,1399),(1575,'2012-11-16',50,3,1432),(1576,'2012-11-16',50,4,1305),(1577,'2012-11-16',50,5,1402),(1578,'2012-11-16',50,6,1395),(1579,'2012-11-16',50,7,71),(1580,'2012-11-16',50,8,1243),(1581,'2012-11-16',50,9,1459),(1582,'2012-11-16',50,10,1489),(1583,'2012-11-16',50,11,1513),(1584,'2012-11-16',50,12,1549),(1585,'2012-11-16',50,13,1523),(1586,'2012-11-16',50,14,1412),(1587,'2012-11-16',50,15,1129),(1590,'2012-11-16',50,16,1589),(1591,'2012-11-16',50,17,1538),(1594,'2012-11-16',50,18,1593),(1595,'2012-11-16',50,19,1571),(1599,'2012-11-16',50,20,1598),(1600,'2012-11-23',51,1,1129),(1601,'2012-11-23',51,2,1526),(1602,'2012-11-23',51,3,1399),(1603,'2012-11-23',51,4,1432),(1604,'2012-11-23',51,5,1402),(1605,'2012-11-23',51,6,71),(1606,'2012-11-23',51,7,1305),(1607,'2012-11-23',51,8,1489),(1608,'2012-11-23',51,9,1243),(1609,'2012-11-23',51,10,1459),(1613,'2012-11-23',51,11,1612),(1614,'2012-11-23',51,12,1513),(1615,'2012-11-23',51,13,1412),(1616,'2012-11-23',51,14,1523),(1619,'2012-11-23',51,15,1618),(1623,'2012-11-23',51,16,1622),(1624,'2012-11-23',51,17,1395),(1625,'2012-11-23',51,18,1589),(1626,'2012-11-23',51,19,1549),(1629,'2012-11-23',51,20,1628),(1630,'2012-11-30',52,1,1399),(1631,'2012-11-30',52,2,1129),(1633,'2012-11-30',52,3,1632),(1634,'2012-11-30',52,4,1526),(1635,'2012-11-30',52,5,1243),(1636,'2012-11-30',52,6,1402),(1637,'2012-11-30',52,7,1513),(1638,'2012-11-30',52,8,1612),(1639,'2012-11-30',52,9,1432),(1640,'2012-11-30',52,10,1305),(1641,'2012-11-30',52,11,1395),(1642,'2012-11-30',52,12,1459),(1643,'2012-11-30',52,13,1489),(1644,'2012-11-30',52,14,1549),(1645,'2012-11-30',52,15,71),(1646,'2012-11-30',52,16,1523),(1647,'2012-11-30',52,17,1622),(1648,'2012-11-30',52,18,1589),(1649,'2012-11-30',52,19,1628),(1652,'2012-11-30',52,20,1651),(1653,'2012-12-07',53,1,1632),(1654,'2012-12-07',53,2,1399),(1655,'2012-12-07',53,3,71),(1659,'2012-12-07',53,4,1658),(1660,'2012-12-07',53,5,1305),(1661,'2012-12-07',53,6,1402),(1662,'2012-12-07',53,7,1549),(1663,'2012-12-07',53,8,1526),(1664,'2012-12-07',53,9,1489),(1665,'2012-12-07',53,10,1243),(1666,'2012-12-07',53,11,1622),(1667,'2012-12-07',53,12,1513),(1668,'2012-12-07',53,13,1523),(1669,'2012-12-07',53,14,1628),(1670,'2012-12-07',53,15,1129),(1675,'2012-12-07',53,16,1674),(1676,'2012-12-07',53,17,1432),(1677,'2012-12-07',53,18,1651),(1681,'2012-12-07',53,19,1680),(1682,'2012-12-07',53,20,1612),(1683,'2012-12-14',54,1,1658),(1686,'2012-12-14',54,2,1685),(1687,'2012-12-14',54,3,1129),(1688,'2012-12-14',54,4,1399),(1689,'2012-12-14',54,5,1526),(1690,'2012-12-14',54,6,1402),(1691,'2012-12-14',54,7,1243),(1692,'2012-12-14',54,8,71),(1693,'2012-12-14',54,9,1612),(1694,'2012-12-14',54,10,1632),(1695,'2012-12-14',54,11,1523),(1696,'2012-12-14',54,12,1513),(1697,'2012-12-14',54,13,1305),(1698,'2012-12-14',54,14,1549),(1699,'2012-12-14',54,15,1432),(1700,'2012-12-14',54,16,1680),(1703,'2012-12-14',54,17,1702),(1704,'2012-12-14',54,18,1628),(1705,'2012-12-14',54,19,1622),(1706,'2012-12-14',54,20,1651),(1707,'2012-12-28',55,1,1685),(1708,'2012-12-28',55,2,1399),(1709,'2012-12-28',55,3,1129),(1710,'2012-12-28',55,4,1658),(1711,'2012-12-28',55,5,1402),(1712,'2012-12-28',55,6,1526),(1713,'2012-12-28',55,7,1243),(1714,'2012-12-28',55,8,1523),(1715,'2012-12-28',55,9,1513),(1716,'2012-12-28',55,10,1622),(1720,'2012-12-28',55,11,1719),(1721,'2012-12-28',55,12,1680),(1722,'2012-12-28',55,13,1612),(1723,'2012-12-28',55,14,1549),(1724,'2012-12-28',55,15,71),(1725,'2012-12-28',55,16,1628),(1726,'2012-12-28',55,17,1305),(1727,'2012-12-28',55,18,1432),(1729,'2012-12-28',55,19,1728),(1730,'2012-12-28',55,20,1632),(1731,'2013-01-04',56,1,1658),(1732,'2013-01-04',56,2,1399),(1733,'2013-01-04',56,3,1685),(1734,'2013-01-04',56,4,1612),(1735,'2013-01-04',56,5,1129),(1736,'2013-01-04',56,6,1402),(1737,'2013-01-04',56,7,71),(1738,'2013-01-04',56,8,1243),(1739,'2013-01-04',56,9,1628),(1740,'2013-01-04',56,10,1526),(1741,'2013-01-04',56,11,1523),(1742,'2013-01-04',56,12,1305),(1743,'2013-01-04',56,13,1728),(1744,'2013-01-04',56,14,1513),(1745,'2013-01-04',56,15,1622),(1746,'2013-01-04',56,16,1632),(1747,'2013-01-04',56,17,1680),(1748,'2013-01-04',56,18,1719),(1751,'2013-01-04',56,19,1750),(1756,'2013-01-04',56,20,1755),(1757,'2013-01-11',57,1,1658),(1758,'2013-01-11',57,2,1129),(1759,'2013-01-11',57,3,1402),(1760,'2013-01-11',57,4,1399),(1761,'2013-01-11',57,5,71),(1762,'2013-01-11',57,6,1628),(1763,'2013-01-11',57,7,1719),(1764,'2013-01-11',57,8,1685),(1765,'2013-01-11',57,9,1526),(1766,'2013-01-11',57,10,1632),(1767,'2013-01-11',57,11,1622),(1768,'2013-01-11',57,12,1523),(1769,'2013-01-11',57,13,1305),(1770,'2013-01-11',57,14,1680),(1771,'2013-01-11',57,15,1243),(1772,'2013-01-11',57,16,1728),(1773,'2013-01-11',57,17,1612),(1777,'2013-01-11',57,18,1776),(1782,'2013-01-11',57,19,1781),(1785,'2013-01-11',57,20,1784),(1786,'2013-01-18',58,1,1658),(1787,'2013-01-18',58,2,1129),(1791,'2013-01-18',58,3,1790),(1792,'2013-01-18',58,4,1402),(1793,'2013-01-18',58,5,1399),(1794,'2013-01-18',58,6,1243),(1795,'2013-01-18',58,7,1526),(1796,'2013-01-18',58,8,1305),(1797,'2013-01-18',58,9,71),(1798,'2013-01-18',58,10,1719),(1799,'2013-01-18',58,11,1632),(1800,'2013-01-18',58,12,1685),(1801,'2013-01-18',58,13,1728),(1802,'2013-01-18',58,14,1523),(1803,'2013-01-18',58,15,1612),(1807,'2013-01-18',58,16,1806),(1808,'2013-01-18',58,17,1628),(1809,'2013-01-18',58,18,1781),(1810,'2013-01-18',58,19,1784),(1811,'2013-01-18',58,20,1776),(1815,'2013-01-25',59,1,1814),(1816,'2013-01-25',59,2,1402),(1817,'2013-01-25',59,3,1790),(1818,'2013-01-25',59,4,1658),(1819,'2013-01-25',59,5,1399),(1820,'2013-01-25',59,6,1129),(1821,'2013-01-25',59,7,71),(1822,'2013-01-25',59,8,1628),(1823,'2013-01-25',59,9,1806),(1824,'2013-01-25',59,10,1526),(1825,'2013-01-25',59,11,1243),(1826,'2013-01-25',59,12,1719),(1827,'2013-01-25',59,13,1523),(1828,'2013-01-25',59,14,1685),(1829,'2013-01-25',59,15,1781),(1833,'2013-01-25',59,16,1832),(1834,'2013-01-25',59,17,1728),(1838,'2013-01-25',59,18,1837),(1839,'2013-01-25',59,19,1784),(1843,'2013-01-25',59,20,1842),(1844,'2013-02-01',60,1,1658),(1845,'2013-02-01',60,2,1814),(1846,'2013-02-01',60,3,1399),(1847,'2013-02-01',60,4,1129),(1848,'2013-02-01',60,5,71),(1849,'2013-02-01',60,6,1526),(1850,'2013-02-01',60,7,1806),(1851,'2013-02-01',60,8,1790),(1852,'2013-02-01',60,9,1628),(1853,'2013-02-01',60,10,1719),(1854,'2013-02-01',60,11,1402),(1855,'2013-02-01',60,12,1523),(1856,'2013-02-01',60,13,1781),(1857,'2013-02-01',60,14,1243),(1858,'2013-02-01',60,15,1685),(1862,'2013-02-01',60,16,1861),(1863,'2013-02-01',60,17,1728),(1864,'2013-02-01',60,18,1784),(1867,'2013-02-01',60,19,1866),(1871,'2013-02-01',60,20,1870),(1872,'2013-02-08',61,1,1814),(1873,'2013-02-08',61,2,1658),(1874,'2013-02-08',61,3,1526),(1875,'2013-02-08',61,4,1806),(1876,'2013-02-08',61,5,1399),(1877,'2013-02-08',61,6,1129),(1878,'2013-02-08',61,7,71),(1879,'2013-02-08',61,8,1402),(1880,'2013-02-08',61,9,1728),(1881,'2013-02-08',61,10,1628),(1882,'2013-02-08',61,11,1523),(1883,'2013-02-08',61,12,1243),(1884,'2013-02-08',61,13,1790),(1885,'2013-02-08',61,14,1784),(1889,'2013-02-08',61,15,1888),(1890,'2013-02-08',61,16,1861),(1891,'2013-02-08',61,17,1781),(1892,'2013-02-08',61,18,1866),(1893,'2013-02-08',61,19,1870),(1896,'2013-02-08',61,20,1895),(1897,'2013-02-15',62,1,1658),(1898,'2013-02-15',62,2,1814),(1899,'2013-02-15',62,3,1806),(1900,'2013-02-15',62,4,1399),(1901,'2013-02-15',62,5,1129),(1902,'2013-02-15',62,6,1526),(1903,'2013-02-15',62,7,71),(1904,'2013-02-15',62,8,1523),(1905,'2013-02-15',62,9,1790),(1906,'2013-02-15',62,10,1628),(1907,'2013-02-15',62,11,1402),(1908,'2013-02-15',62,12,1784),(1909,'2013-02-15',62,13,1243),(1911,'2013-02-15',62,14,1910),(1912,'2013-02-15',62,15,1888),(1913,'2013-02-15',62,16,1781),(1914,'2013-02-15',62,17,1861),(1915,'2013-02-15',62,18,1728),(1916,'2013-02-15',62,19,1870),(1918,'2013-02-15',62,20,1917),(1920,'2013-02-22',63,1,1919),(1921,'2013-02-22',63,2,1658),(1922,'2013-02-22',63,3,1399),(1923,'2013-02-22',63,4,1814),(1924,'2013-02-22',63,5,1526),(1925,'2013-02-22',63,6,1806),(1926,'2013-02-22',63,7,1129),(1927,'2013-02-22',63,8,71),(1928,'2013-02-22',63,9,1402),(1929,'2013-02-22',63,10,1628),(1930,'2013-02-22',63,11,1790),(1931,'2013-02-22',63,12,1784),(1934,'2013-02-22',63,13,1933),(1935,'2013-02-22',63,14,1861),(1936,'2013-02-22',63,15,1888),(1937,'2013-02-22',63,16,1870),(1938,'2013-02-22',63,17,1728),(1939,'2013-02-22',63,18,1781),(1940,'2013-02-22',63,19,1910),(1942,'2013-02-22',63,20,1941),(1943,'2013-03-01',64,1,1919),(1944,'2013-03-01',64,2,1814),(1945,'2013-03-01',64,3,1888),(1946,'2013-03-01',64,4,1658),(1947,'2013-03-01',64,5,1399),(1948,'2013-03-01',64,6,1806),(1949,'2013-03-01',64,7,1402),(1950,'2013-03-01',64,8,1628),(1951,'2013-03-01',64,9,1526),(1952,'2013-03-01',64,10,71),(1954,'2013-03-01',64,11,1953),(1955,'2013-03-01',64,12,1790),(1956,'2013-03-01',64,13,1129),(1957,'2013-03-01',64,14,1784),(1958,'2013-03-01',64,15,1933),(1959,'2013-03-01',64,16,1861),(1963,'2013-03-01',64,17,1962),(1964,'2013-03-01',64,18,1870),(1965,'2013-03-01',64,19,1728),(1966,'2013-03-01',64,20,1781),(1967,'2013-03-08',65,1,1658),(1968,'2013-03-08',65,2,1919),(1969,'2013-03-08',65,3,1129),(1970,'2013-03-08',65,4,1399),(1971,'2013-03-08',65,5,1814),(1972,'2013-03-08',65,6,1806),(1973,'2013-03-08',65,7,1941),(1974,'2013-03-08',65,8,71),(1975,'2013-03-08',65,9,1526),(1976,'2013-03-08',65,10,1888),(1977,'2013-03-08',65,11,1784),(1978,'2013-03-08',65,12,1861),(1979,'2013-03-08',65,13,1402),(1980,'2013-03-08',65,14,1790),(1981,'2013-03-08',65,15,1781),(1982,'2013-03-08',65,16,1728),(1983,'2013-03-08',65,17,1628),(1984,'2013-03-08',65,18,1933),(1988,'2013-03-08',65,19,1987),(1991,'2013-03-08',65,20,1990),(1992,'2013-03-15',66,1,1658),(1993,'2013-03-15',66,2,1399),(1994,'2013-03-15',66,3,1129),(1995,'2013-03-15',66,4,1919),(1996,'2013-03-15',66,5,1814),(1997,'2013-03-15',66,6,71),(1998,'2013-03-15',66,7,1526),(1999,'2013-03-15',66,8,1806),(2000,'2013-03-15',66,9,1941),(2001,'2013-03-15',66,10,1628),(2002,'2013-03-15',66,11,1888),(2003,'2013-03-15',66,12,1402),(2004,'2013-03-15',66,13,1790),(2005,'2013-03-15',66,14,1784),(2009,'2013-03-15',66,15,2008),(2010,'2013-03-15',66,16,1728),(2011,'2013-03-15',66,17,1990),(2012,'2013-03-15',66,18,1987),(2014,'2013-03-15',66,19,2013),(2019,'2013-03-15',66,20,2018),(2020,'2013-03-22',67,1,1399),(2021,'2013-03-22',67,2,1658),(2022,'2013-03-22',67,3,1814),(2023,'2013-03-22',67,4,71),(2024,'2013-03-22',67,5,1129),(2025,'2013-03-22',67,6,1919),(2026,'2013-03-22',67,7,1941),(2027,'2013-03-22',67,8,1806),(2028,'2013-03-22',67,9,1526),(2029,'2013-03-22',67,10,2008),(2030,'2013-03-22',67,11,1402),(2031,'2013-03-22',67,12,2013),(2032,'2013-03-22',67,13,1628),(2033,'2013-03-22',67,14,1888),(2037,'2013-03-22',67,15,2036),(2038,'2013-03-22',67,16,2018),(2039,'2013-03-22',67,17,1790),(2040,'2013-03-22',67,18,1784),(2041,'2013-03-22',67,19,1728),(2046,'2013-03-22',67,20,2045),(2047,'2013-04-05',68,1,1399),(2048,'2013-04-05',68,2,2036),(2049,'2013-04-05',68,3,1658),(2050,'2013-04-05',68,4,1814),(2051,'2013-04-05',68,5,1526),(2052,'2013-04-05',68,6,1941),(2053,'2013-04-05',68,7,71),(2054,'2013-04-05',68,8,1129),(2055,'2013-04-05',68,9,1806),(2056,'2013-04-05',68,10,1628),(2057,'2013-04-05',68,11,1888),(2058,'2013-04-05',68,12,1790),(2059,'2013-04-05',68,13,1919),(2060,'2013-04-05',68,14,1784),(2061,'2013-04-05',68,15,2008),(2062,'2013-04-05',68,16,1728),(2063,'2013-04-05',68,17,2045),(2067,'2013-04-05',68,18,2066),(2068,'2013-04-05',68,19,2018),(2071,'2013-04-05',68,20,2070),(2072,'2013-04-12',69,1,2036),(2073,'2013-04-12',69,2,1658),(2074,'2013-04-12',69,3,1399),(2075,'2013-04-12',69,4,1814),(2076,'2013-04-12',69,5,1526),(2077,'2013-04-12',69,6,71),(2078,'2013-04-12',69,7,1129),(2079,'2013-04-12',69,8,1628),(2080,'2013-04-12',69,9,1919),(2081,'2013-04-12',69,10,2008),(2082,'2013-04-12',69,11,1941),(2083,'2013-04-12',69,12,1888),(2084,'2013-04-12',69,13,1806),(2085,'2013-04-12',69,14,2045),(2086,'2013-04-12',69,15,1784),(2087,'2013-04-12',69,16,2066),(2088,'2013-04-12',69,17,1790),(2089,'2013-04-12',69,18,1728),(2090,'2013-04-12',69,19,2070),(2094,'2013-04-12',69,20,2093),(2095,'2013-04-19',70,1,2036),(2096,'2013-04-19',70,2,1399),(2097,'2013-04-19',70,3,1526),(2098,'2013-04-19',70,4,1658),(2099,'2013-04-19',70,5,1814),(2101,'2013-04-19',70,6,2100),(2102,'2013-04-19',70,7,71),(2103,'2013-04-19',70,8,1129),(2104,'2013-04-19',70,9,1941),(2105,'2013-04-19',70,10,1888),(2106,'2013-04-19',70,11,1628),(2107,'2013-04-19',70,12,1790),(2108,'2013-04-19',70,13,1806),(2109,'2013-04-19',70,14,1784),(2110,'2013-04-19',70,15,2066),(2111,'2013-04-19',70,16,1919),(2112,'2013-04-19',70,17,2045),(2113,'2013-04-19',70,18,2008),(2114,'2013-04-19',70,19,2093),(2115,'2013-04-19',70,20,1728),(2116,'2013-04-26',71,1,1658),(2117,'2013-04-26',71,2,1814),(2118,'2013-04-26',71,3,1526),(2119,'2013-04-26',71,4,1399),(2120,'2013-04-26',71,5,71),(2121,'2013-04-26',71,6,1628),(2122,'2013-04-26',71,7,1919),(2123,'2013-04-26',71,8,2036),(2124,'2013-04-26',71,9,1941),(2125,'2013-04-26',71,10,1728),(2126,'2013-04-26',71,11,1129),(2127,'2013-04-26',71,12,2100),(2128,'2013-04-26',71,13,1806),(2129,'2013-04-26',71,14,1790),(2130,'2013-04-26',71,15,1888),(2131,'2013-04-26',71,16,2008),(2135,'2013-04-26',71,17,2134),(2136,'2013-04-26',71,18,2045),(2137,'2013-04-26',71,19,1784),(2140,'2013-04-26',71,20,2139),(2141,'2013-05-03',72,1,2036),(2142,'2013-05-03',72,2,1658),(2143,'2013-05-03',72,3,1399),(2144,'2013-05-03',72,4,2134),(2146,'2013-05-03',72,5,2145),(2147,'2013-05-03',72,6,1526),(2148,'2013-05-03',72,7,1129),(2149,'2013-05-03',72,8,71),(2150,'2013-05-03',72,9,1814),(2151,'2013-05-03',72,10,1941),(2152,'2013-05-03',72,11,1784),(2153,'2013-05-03',72,12,1888),(2154,'2013-05-03',72,13,1919),(2158,'2013-05-03',72,14,2157),(2159,'2013-05-03',72,15,2139),(2160,'2013-05-03',72,16,1728),(2163,'2013-05-03',72,17,2162),(2164,'2013-05-03',72,18,1628),(2165,'2013-05-03',72,19,2100),(2166,'2013-05-03',72,20,2045),(2167,'2013-05-10',73,1,2145),(2168,'2013-05-10',73,2,2134),(2169,'2013-05-10',73,3,1658),(2170,'2013-05-10',73,4,1399),(2171,'2013-05-10',73,5,2036),(2172,'2013-05-10',73,6,1129),(2173,'2013-05-10',73,7,1814),(2174,'2013-05-10',73,8,1628),(2175,'2013-05-10',73,9,71),(2176,'2013-05-10',73,10,1526),(2177,'2013-05-10',73,11,2100),(2178,'2013-05-10',73,12,1919),(2179,'2013-05-10',73,13,1888),(2180,'2013-05-10',73,14,2157),(2184,'2013-05-10',73,15,2183),(2185,'2013-05-10',73,16,1784),(2186,'2013-05-10',73,17,2045),(2190,'2013-05-10',73,18,2189),(2194,'2013-05-10',73,19,2193),(2195,'2013-05-10',73,20,2139),(2196,'2013-05-17',74,1,1399),(2197,'2013-05-17',74,2,2145),(2198,'2013-05-17',74,3,1658),(2199,'2013-05-17',74,4,2036),(2200,'2013-05-17',74,5,71),(2201,'2013-05-17',74,6,1814),(2202,'2013-05-17',74,7,1526),(2203,'2013-05-17',74,8,1784),(2204,'2013-05-17',74,9,1919),(2205,'2013-05-17',74,10,1129),(2206,'2013-05-17',74,11,1888),(2207,'2013-05-17',74,12,2134),(2208,'2013-05-17',74,13,2045),(2209,'2013-05-17',74,14,2189),(2210,'2013-05-17',74,15,2157),(2212,'2013-05-17',74,16,2211),(2213,'2013-05-17',74,17,1628),(2214,'2013-05-17',74,18,2100),(2215,'2013-05-17',74,19,2193),(2218,'2013-05-17',74,20,2217),(2219,'2013-05-24',75,1,1658),(2220,'2013-05-24',75,2,2145),(2221,'2013-05-24',75,3,1399),(2222,'2013-05-24',75,4,2036),(2223,'2013-05-24',75,5,71),(2224,'2013-05-24',75,6,2134),(2225,'2013-05-24',75,7,1814),(2226,'2013-05-24',75,8,1129),(2227,'2013-05-24',75,9,2157),(2228,'2013-05-24',75,10,1628),(2229,'2013-05-24',75,11,1919),(2230,'2013-05-24',75,12,2100),(2231,'2013-05-24',75,13,2045),(2232,'2013-05-24',75,14,2189),(2233,'2013-05-24',75,15,1888),(2238,'2013-05-24',75,16,2237),(2239,'2013-05-24',75,17,2193),(2240,'2013-05-24',75,18,2211),(2241,'2013-05-24',75,19,2217),(2243,'2013-05-24',75,20,2242),(2244,'2013-05-31',76,1,71),(2245,'2013-05-31',76,2,1658),(2246,'2013-05-31',76,3,1399),(2247,'2013-05-31',76,4,2145),(2248,'2013-05-31',76,5,1814),(2249,'2013-05-31',76,6,1628),(2250,'2013-05-31',76,7,2036),(2251,'2013-05-31',76,8,2134),(2252,'2013-05-31',76,9,2157),(2253,'2013-05-31',76,10,1888),(2254,'2013-05-31',76,11,2045),(2255,'2013-05-31',76,12,2100),(2256,'2013-05-31',76,13,1919),(2257,'2013-05-31',76,14,2217),(2260,'2013-05-31',76,15,2259),(2263,'2013-05-31',76,16,2262),(2264,'2013-05-31',76,17,2237),(2268,'2013-05-31',76,18,2267),(2269,'2013-05-31',76,19,2211),(2270,'2013-05-31',76,20,2242),(2271,'2013-06-07',77,1,71),(2272,'2013-06-07',77,2,1658),(2273,'2013-06-07',77,3,1399),(2274,'2013-06-07',77,4,2045),(2275,'2013-06-07',77,5,1814),(2276,'2013-06-07',77,6,2145),(2277,'2013-06-07',77,7,2036),(2278,'2013-06-07',77,8,1919),(2279,'2013-06-07',77,9,2134),(2280,'2013-06-07',77,10,1628),(2281,'2013-06-07',77,11,2267),(2282,'2013-06-07',77,12,2157),(2283,'2013-06-07',77,13,1888),(2287,'2013-06-07',77,14,2286),(2288,'2013-06-07',77,15,2100),(2289,'2013-06-07',77,16,2237),(2290,'2013-06-07',77,17,2259),(2291,'2013-06-07',77,18,2242),(2292,'2013-06-07',77,19,2217),(2293,'2013-06-07',77,20,2262),(2294,'2013-06-14',78,1,1658),(2296,'2013-06-14',78,2,2295),(2297,'2013-06-14',78,3,2045),(2298,'2013-06-14',78,4,2262),(2299,'2013-06-14',78,5,1399),(2300,'2013-06-14',78,6,71),(2301,'2013-06-14',78,7,2036),(2302,'2013-06-14',78,8,1919),(2303,'2013-06-14',78,9,2267),(2304,'2013-06-14',78,10,2237),(2305,'2013-06-14',78,11,1628),(2306,'2013-06-14',78,12,2157),(2307,'2013-06-14',78,13,1814),(2308,'2013-06-14',78,14,2134),(2309,'2013-06-14',78,15,2145),(2310,'2013-06-14',78,16,2100),(2311,'2013-06-14',78,17,2286),(2312,'2013-06-14',78,18,2259),(2313,'2013-06-14',78,19,1888),(2316,'2013-06-14',78,20,2315),(2317,'2013-06-21',79,1,1399),(2318,'2013-06-21',79,2,71),(2319,'2013-06-21',79,3,2267),(2320,'2013-06-21',79,4,1658),(2321,'2013-06-21',79,5,2036),(2322,'2013-06-21',79,6,2237),(2323,'2013-06-21',79,7,2157),(2324,'2013-06-21',79,8,2262),(2325,'2013-06-21',79,9,1814),(2326,'2013-06-21',79,10,1919),(2327,'2013-06-21',79,11,2145),(2328,'2013-06-21',79,12,1628),(2329,'2013-06-21',79,13,2134),(2330,'2013-06-21',79,14,2295),(2331,'2013-06-21',79,15,2259),(2332,'2013-06-21',79,16,2045),(2336,'2013-06-21',79,17,2335),(2338,'2013-06-21',79,18,2337),(2339,'2013-06-21',79,19,2315),(2342,'2013-06-21',79,20,2341),(2343,'2013-06-28',80,1,1658),(2344,'2013-06-28',80,2,1399),(2345,'2013-06-28',80,3,71),(2346,'2013-06-28',80,4,2267),(2347,'2013-06-28',80,5,2237),(2348,'2013-06-28',80,6,2036),(2349,'2013-06-28',80,7,1814),(2350,'2013-06-28',80,8,2134),(2351,'2013-06-28',80,9,1919),(2352,'2013-06-28',80,10,2145),(2353,'2013-06-28',80,11,2045),(2354,'2013-06-28',80,12,2157),(2355,'2013-06-28',80,13,1628),(2356,'2013-06-28',80,14,2335),(2357,'2013-06-28',80,15,2262),(2358,'2013-06-28',80,16,2259),(2359,'2013-06-28',80,17,2295),(2361,'2013-06-28',80,18,2360),(2363,'2013-06-28',80,19,2362),(2364,'2013-06-28',80,20,2337),(2365,'2013-09-06',81,1,1399),(2369,'2013-09-06',81,2,2368),(2370,'2013-09-06',81,3,1658),(2371,'2013-09-06',81,4,71),(2372,'2013-09-06',81,5,1628),(2373,'2013-09-06',81,6,2134),(2374,'2013-09-06',81,7,2259),(2375,'2013-09-06',81,8,2262),(2376,'2013-09-06',81,9,1919),(2377,'2013-09-06',81,10,1814),(2378,'2013-09-06',81,11,2337),(2379,'2013-09-06',81,12,2267),(2380,'2013-09-06',81,13,2237),(2381,'2013-09-06',81,14,2335),(2382,'2013-09-06',81,15,2362),(2383,'2013-09-06',81,16,2360),(2384,'2013-09-06',81,17,2145),(2385,'2013-09-06',81,18,2157),(2386,'2013-09-06',81,19,2295),(2389,'2013-09-06',81,20,2388),(2390,'2013-09-13',82,1,1658),(2391,'2013-09-13',82,2,1399),(2392,'2013-09-13',82,3,71),(2393,'2013-09-13',82,4,2145),(2394,'2013-09-13',82,5,2134),(2395,'2013-09-13',82,6,2368),(2396,'2013-09-13',82,7,1814),(2397,'2013-09-13',82,8,1919),(2398,'2013-09-13',82,9,2360),(2399,'2013-09-13',82,10,2362),(2400,'2013-09-13',82,11,2267),(2401,'2013-09-13',82,12,2157),(2402,'2013-09-13',82,13,2335),(2403,'2013-09-13',82,14,1628),(2404,'2013-09-13',82,15,2295),(2405,'2013-09-13',82,16,2259),(2406,'2013-09-13',82,17,2237),(2409,'2013-09-13',82,18,2408),(2410,'2013-09-13',82,19,2262),(2411,'2013-09-13',82,20,2388),(2412,'2013-09-20',83,1,1399),(2413,'2013-09-20',83,2,2134),(2414,'2013-09-20',83,3,71),(2415,'2013-09-20',83,4,2368),(2416,'2013-09-20',83,5,1919),(2417,'2013-09-20',83,6,1658),(2418,'2013-09-20',83,7,2145),(2419,'2013-09-20',83,8,2295),(2420,'2013-09-20',83,9,1814),(2421,'2013-09-20',83,10,2237),(2422,'2013-09-20',83,11,2360),(2423,'2013-09-20',83,12,2262),(2424,'2013-09-20',83,13,2362),(2425,'2013-09-20',83,14,2267),(2426,'2013-09-20',83,15,2408),(2427,'2013-09-20',83,16,2335),(2428,'2013-09-20',83,17,2341),(2429,'2013-09-20',83,18,2388),(2433,'2013-09-20',83,19,2432),(2436,'2013-09-20',83,20,2435),(2437,'2013-09-27',84,1,2432),(2438,'2013-09-27',84,2,71),(2439,'2013-09-27',84,3,1399),(2440,'2013-09-27',84,4,2134),(2441,'2013-09-27',84,5,1814),(2442,'2013-09-27',84,6,1919),(2443,'2013-09-27',84,7,2145),(2444,'2013-09-27',84,8,2295),(2445,'2013-09-27',84,9,2360),(2447,'2013-09-27',84,10,2446),(2448,'2013-09-27',84,11,2267),(2449,'2013-09-27',84,12,1658),(2450,'2013-09-27',84,13,2408),(2451,'2013-09-27',84,14,2262),(2452,'2013-09-27',84,15,2341),(2453,'2013-09-27',84,16,2362),(2454,'2013-09-27',84,17,2237),(2457,'2013-09-27',84,18,2456),(2458,'2013-09-27',84,19,2435),(2459,'2013-09-27',84,20,2368),(2460,'2013-10-04',85,1,1399),(2461,'2013-10-04',85,2,2432),(2462,'2013-10-04',85,3,71),(2463,'2013-10-04',85,4,2134),(2464,'2013-10-04',85,5,1814),(2465,'2013-10-04',85,6,2408),(2466,'2013-10-04',85,7,2145),(2467,'2013-10-04',85,8,2360),(2468,'2013-10-04',85,9,2267),(2469,'2013-10-04',85,10,1919),(2470,'2013-10-04',85,11,2295),(2471,'2013-10-04',85,12,2362),(2472,'2013-10-04',85,13,2446),(2473,'2013-10-04',85,14,2262),(2474,'2013-10-04',85,15,2435),(2478,'2013-10-04',85,16,2477),(2479,'2013-10-04',85,17,2368),(2480,'2013-10-04',85,18,2456),(2481,'2013-10-04',85,19,1658),(2482,'2013-10-04',85,20,2341),(2483,'2013-10-11',86,1,2134),(2484,'2013-10-11',86,2,2145),(2485,'2013-10-11',86,3,1399),(2486,'2013-10-11',86,4,71),(2487,'2013-10-11',86,5,1919),(2488,'2013-10-11',86,6,1814),(2489,'2013-10-11',86,7,2432),(2490,'2013-10-11',86,8,2446),(2491,'2013-10-11',86,9,2267),(2492,'2013-10-11',86,10,2456),(2493,'2013-10-11',86,11,2360),(2494,'2013-10-11',86,12,2295),(2495,'2013-10-11',86,13,1658),(2496,'2013-10-11',86,14,2262),(2497,'2013-10-11',86,15,2408),(2498,'2013-10-11',86,16,2341),(2502,'2013-10-11',86,17,2501),(2505,'2013-10-11',86,18,2504),(2510,'2013-10-11',86,19,2509),(2513,'2013-10-11',86,20,2512),(2514,'2013-10-18',87,1,2134),(2515,'2013-10-18',87,2,2456),(2516,'2013-10-18',87,3,2267),(2517,'2013-10-18',87,4,2446),(2518,'2013-10-18',87,5,2408),(2519,'2013-10-18',87,6,1399),(2520,'2013-10-18',87,7,71),(2521,'2013-10-18',87,8,2145),(2522,'2013-10-18',87,9,2360),(2523,'2013-10-18',87,10,2295),(2524,'2013-10-18',87,11,1814),(2525,'2013-10-18',87,12,2262),(2526,'2013-10-18',87,13,2509),(2528,'2013-10-18',87,14,2527),(2529,'2013-10-18',87,15,2432),(2530,'2013-10-18',87,16,2504),(2531,'2013-10-18',87,17,2341),(2534,'2013-10-18',87,18,2533),(2535,'2013-10-18',87,19,2501),(2539,'2013-10-18',87,20,2538),(2540,'2013-10-25',88,1,2456),(2541,'2013-10-25',88,2,2432),(2542,'2013-10-25',88,3,2446),(2543,'2013-10-25',88,4,1814),(2544,'2013-10-25',88,5,2134),(2545,'2013-10-25',88,6,1399),(2546,'2013-10-25',88,7,71),(2547,'2013-10-25',88,8,2267),(2551,'2013-10-25',88,9,2550),(2552,'2013-10-25',88,10,2145),(2553,'2013-10-25',88,11,2408),(2554,'2013-10-25',88,12,2360),(2555,'2013-10-25',88,13,2262),(2556,'2013-10-25',88,14,2527),(2557,'2013-10-25',88,15,2509),(2561,'2013-10-25',88,16,2560),(2564,'2013-10-25',88,17,2563),(2565,'2013-10-25',88,18,2501),(2569,'2013-10-25',88,19,2568),(2571,'2013-10-25',88,20,2570),(2572,'2013-11-01',89,1,2550),(2573,'2013-11-01',89,2,2432),(2574,'2013-11-01',89,3,2134),(2575,'2013-11-01',89,4,71),(2576,'2013-11-01',89,5,1399),(2577,'2013-11-01',89,6,2446),(2578,'2013-11-01',89,7,2456),(2579,'2013-11-01',89,8,2267),(2580,'2013-11-01',89,9,2408),(2581,'2013-11-01',89,10,2560),(2582,'2013-11-01',89,11,2563),(2583,'2013-11-01',89,12,2360),(2584,'2013-11-01',89,13,2568),(2585,'2013-11-01',89,14,2501),(2586,'2013-11-01',89,15,2527),(2587,'2013-11-01',89,16,2570),(2591,'2013-11-01',89,17,2590),(2592,'2013-11-01',89,18,2145),(2593,'2013-11-01',89,19,2509),(2597,'2013-11-01',89,20,2596),(2598,'2013-11-08',90,1,2456),(2599,'2013-11-08',90,2,71),(2600,'2013-11-08',90,3,2550),(2601,'2013-11-08',90,4,2432),(2602,'2013-11-08',90,5,2446),(2603,'2013-11-08',90,6,2360),(2604,'2013-11-08',90,7,2563),(2605,'2013-11-08',90,8,1399),(2606,'2013-11-08',90,9,2134),(2607,'2013-11-08',90,10,2408),(2608,'2013-11-08',90,11,2596),(2609,'2013-11-08',90,12,2501),(2610,'2013-11-08',90,13,2560),(2611,'2013-11-08',90,14,2527),(2612,'2013-11-08',90,15,2570),(2613,'2013-11-08',90,16,2590),(2616,'2013-11-08',90,17,2615),(2617,'2013-11-08',90,18,2568),(2620,'2013-11-08',90,19,2619),(2623,'2013-11-08',90,20,2622),(2624,'2013-11-15',91,1,2550),(2625,'2013-11-15',91,2,2446),(2626,'2013-11-15',91,3,2596),(2630,'2013-11-15',91,4,2629),(2631,'2013-11-15',91,5,2456),(2634,'2013-11-15',91,6,2633),(2635,'2013-11-15',91,7,2360),(2636,'2013-11-15',91,8,2408),(2637,'2013-11-15',91,9,1399),(2638,'2013-11-15',91,10,2134),(2639,'2013-11-15',91,11,2560),(2640,'2013-11-15',91,12,2568),(2643,'2013-11-15',91,13,2642),(2644,'2013-11-15',91,14,71),(2645,'2013-11-15',91,15,2432),(2646,'2013-11-15',91,16,2570),(2650,'2013-11-15',91,17,2649),(2654,'2013-11-15',91,18,2653),(2655,'2013-11-15',91,19,2590),(2659,'2013-11-15',91,20,2658),(2660,'2013-11-22',92,1,2446),(2661,'2013-11-22',92,2,2633),(2662,'2013-11-22',92,3,2629),(2663,'2013-11-22',92,4,2550),(2664,'2013-11-22',92,5,2456),(2665,'2013-11-22',92,6,2432),(2666,'2013-11-22',92,7,2134),(2667,'2013-11-22',92,8,71),(2668,'2013-11-22',92,9,1399),(2669,'2013-11-22',92,10,2596),(2670,'2013-11-22',92,11,2568),(2671,'2013-11-22',92,12,2649),(2672,'2013-11-22',92,13,2642),(2673,'2013-11-22',92,14,2590),(2674,'2013-11-22',92,15,2570),(2679,'2013-11-22',92,16,2678),(2682,'2013-11-22',92,17,2681),(2684,'2013-11-22',92,18,2683),(2685,'2013-11-22',92,19,2658),(2686,'2013-11-22',92,20,2653),(2687,'2013-11-29',93,1,2633),(2688,'2013-11-29',93,2,2446),(2689,'2013-11-29',93,3,342),(2690,'2013-11-29',93,4,2550),(2691,'2013-11-29',93,5,2456),(2692,'2013-11-29',93,6,71),(2693,'2013-11-29',93,7,1399),(2694,'2013-11-29',93,8,2629),(2695,'2013-11-29',93,9,2568),(2696,'2013-11-29',93,10,2596),(2697,'2013-11-29',93,11,2678),(2698,'2013-11-29',93,12,2658),(2699,'2013-11-29',93,13,2642),(2700,'2013-11-29',93,14,2134),(2701,'2013-11-29',93,15,2432),(2702,'2013-11-29',93,16,2649),(2706,'2013-11-29',93,17,2705),(2707,'2013-11-29',93,18,2653),(2710,'2013-11-29',93,19,2709),(2711,'2013-11-29',93,20,2683),(2713,'2013-12-06',94,1,2712),(2714,'2013-12-06',94,2,342),(2715,'2013-12-06',94,3,2550),(2716,'2013-12-06',94,4,71),(2717,'2013-12-06',94,5,2432),(2718,'2013-12-06',94,6,2456),(2719,'2013-12-06',94,7,2446),(2720,'2013-12-06',94,8,1399),(2721,'2013-12-06',94,9,2629),(2722,'2013-12-06',94,10,2633),(2723,'2013-12-06',94,11,2705),(2724,'2013-12-06',94,12,2658),(2725,'2013-12-06',94,13,2568),(2726,'2013-12-06',94,14,2642),(2729,'2013-12-06',94,15,2728),(2730,'2013-12-06',94,16,2653),(2731,'2013-12-06',94,17,2678),(2733,'2013-12-06',94,18,2732),(2734,'2013-12-06',94,19,2709),(2735,'2013-12-06',94,20,2683),(2739,'2013-12-13',95,1,2738),(2740,'2013-12-13',95,2,2712),(2741,'2013-12-13',95,3,1399),(2742,'2013-12-13',95,4,342),(2743,'2013-12-13',95,5,2446),(2744,'2013-12-13',95,6,2456),(2745,'2013-12-13',95,7,2550),(2746,'2013-12-13',95,8,2432),(2747,'2013-12-13',95,9,2568),(2748,'2013-12-13',95,10,71),(2749,'2013-12-13',95,11,2633),(2753,'2013-12-13',95,12,2752),(2754,'2013-12-13',95,13,2653),(2755,'2013-12-13',95,14,2678),(2758,'2013-12-13',95,15,2757),(2759,'2013-12-13',95,16,2732),(2763,'2013-12-13',95,17,2762),(2764,'2013-12-13',95,18,2658),(2767,'2013-12-13',95,19,2766),(2768,'2013-12-13',95,20,2705),(2769,'2013-12-20',96,1,2738),(2770,'2013-12-20',96,2,2712),(2771,'2013-12-20',96,3,2705),(2772,'2013-12-20',96,4,2752),(2773,'2013-12-20',96,5,2658),(2774,'2013-12-20',96,6,342),(2775,'2013-12-20',96,7,2633),(2778,'2013-12-20',96,8,2777),(2782,'2013-12-20',96,9,2781),(2783,'2013-12-20',96,10,2766),(2784,'2013-12-20',96,11,71),(2785,'2013-12-20',96,12,2446),(2786,'2013-12-20',96,13,1399),(2787,'2013-12-20',96,14,2456),(2788,'2013-12-20',96,15,2732),(2789,'2013-12-20',96,16,2568),(2790,'2013-12-20',96,17,2762),(2791,'2013-12-20',96,18,2653),(2792,'2013-12-20',96,19,2678),(2793,'2013-12-20',96,20,2757),(2794,'2013-12-27',97,1,2712),(2795,'2013-12-27',97,2,2738),(2799,'2013-12-27',97,3,2798),(2800,'2013-12-27',97,4,2705),(2801,'2013-12-27',97,5,1399),(2802,'2013-12-27',97,6,2777),(2803,'2013-12-27',97,7,2568),(2804,'2013-12-27',97,8,2633),(2805,'2013-12-27',97,9,2456),(2806,'2013-12-27',97,10,2658),(2807,'2013-12-27',97,11,2752),(2811,'2013-12-27',97,12,2810),(2812,'2013-12-27',97,13,2781),(2813,'2013-12-27',97,14,2757),(2814,'2013-12-27',97,15,2732),(2817,'2013-12-27',97,16,2816),(2818,'2013-12-27',97,17,2653),(2819,'2013-12-27',97,18,2678),(2820,'2013-12-27',97,19,2762),(2821,'2013-12-27',97,20,342),(2822,'2014-01-10',98,1,2798),(2823,'2014-01-10',98,2,2738),(2824,'2014-01-10',98,3,342),(2825,'2014-01-10',98,4,2456),(2826,'2014-01-10',98,5,1399),(2827,'2014-01-10',98,6,2705),(2828,'2014-01-10',98,7,2568),(2829,'2014-01-10',98,8,2633),(2830,'2014-01-10',98,9,2658),(2831,'2014-01-10',98,10,2712),(2832,'2014-01-10',98,11,2752),(2833,'2014-01-10',98,12,2781),(2834,'2014-01-10',98,13,2777),(2835,'2014-01-10',98,14,2810),(2839,'2014-01-10',98,15,2838),(2844,'2014-01-10',98,16,2843),(2845,'2014-01-10',98,17,2653),(2849,'2014-01-10',98,18,2848),(2850,'2014-01-10',98,19,2678),(2853,'2014-01-10',98,20,2852),(2854,'2014-01-17',99,1,2798),(2855,'2014-01-17',99,2,2738),(2858,'2014-01-17',99,3,2857),(2859,'2014-01-17',99,4,2568),(2860,'2014-01-17',99,5,2838),(2861,'2014-01-17',99,6,2712),(2865,'2014-01-17',99,7,2864),(2866,'2014-01-17',99,8,1399),(2867,'2014-01-17',99,9,2456),(2868,'2014-01-17',99,10,2843),(2869,'2014-01-17',99,11,2658),(2870,'2014-01-17',99,12,342),(2871,'2014-01-17',99,13,2705),(2872,'2014-01-17',99,14,2777),(2876,'2014-01-17',99,15,2875),(2877,'2014-01-17',99,16,2633),(2878,'2014-01-17',99,17,2848),(2879,'2014-01-17',99,18,2781),(2880,'2014-01-17',99,19,2852),(2881,'2014-01-17',99,20,2678),(2882,'2014-01-24',100,1,1399),(2883,'2014-01-24',100,2,2738),(2884,'2014-01-24',100,3,2633),(2885,'2014-01-24',100,4,2568),(2886,'2014-01-24',100,5,2798),(2887,'2014-01-24',100,6,2712),(2888,'2014-01-24',100,7,2864),(2889,'2014-01-24',100,8,342),(2890,'2014-01-24',100,9,2875),(2891,'2014-01-24',100,10,2658),(2892,'2014-01-24',100,11,2857),(2893,'2014-01-24',100,12,2678),(2894,'2014-01-24',100,13,2838),(2895,'2014-01-24',100,14,2777),(2896,'2014-01-24',100,15,2843),(2900,'2014-01-24',100,16,2899),(2901,'2014-01-24',100,17,2781),(2905,'2014-01-24',100,18,2904),(2908,'2014-01-24',100,19,2907),(2909,'2014-01-24',100,20,2852),(2910,'2014-01-31',101,1,2568),(2911,'2014-01-31',101,2,2712),(2912,'2014-01-31',101,3,2738),(2913,'2014-01-31',101,4,2798),(2914,'2014-01-31',101,5,2904),(2915,'2014-01-31',101,6,2875),(2916,'2014-01-31',101,7,2838),(2917,'2014-01-31',101,8,1399),(2918,'2014-01-31',101,9,2633),(2919,'2014-01-31',101,10,2843),(2920,'2014-01-31',101,11,2658),(2921,'2014-01-31',101,12,2864),(2922,'2014-01-31',101,13,2781),(2924,'2014-01-31',101,14,2923),(2925,'2014-01-31',101,15,2857),(2926,'2014-01-31',101,16,2899),(2927,'2014-01-31',101,17,2678),(2928,'2014-01-31',101,18,2852),(2934,'2014-01-31',101,19,2933),(2938,'2014-01-31',101,20,2937),(2939,'2014-02-07',102,1,2568),(2943,'2014-02-07',102,2,2942),(2944,'2014-02-07',102,3,2738),(2947,'2014-02-07',102,4,2946),(2948,'2014-02-07',102,5,2712),(2949,'2014-02-07',102,6,1399),(2950,'2014-02-07',102,7,2798),(2951,'2014-02-07',102,8,2904),(2952,'2014-02-07',102,9,2633),(2953,'2014-02-07',102,10,2838),(2954,'2014-02-07',102,11,2857),(2955,'2014-02-07',102,12,2875),(2956,'2014-02-07',102,13,2843),(2957,'2014-02-07',102,14,2658),(2958,'2014-02-07',102,15,2864),(2959,'2014-02-07',102,16,2923),(2961,'2014-02-07',102,17,2960),(2962,'2014-02-07',102,18,2781),(2963,'2014-02-07',102,19,2678),(2964,'2014-02-07',102,20,2937),(2965,'2014-02-14',103,1,2738),(2966,'2014-02-14',103,2,2568),(2967,'2014-02-14',103,3,2946),(2970,'2014-02-14',103,4,2969),(2971,'2014-02-14',103,5,2798),(2972,'2014-02-14',103,6,2942),(2973,'2014-02-14',103,7,2875),(2974,'2014-02-14',103,8,2633),(2975,'2014-02-14',103,9,1399),(2976,'2014-02-14',103,10,2658),(2977,'2014-02-14',103,11,2904),(2978,'2014-02-14',103,12,2712),(2979,'2014-02-14',103,13,2857),(2981,'2014-02-14',103,14,2980),(2982,'2014-02-14',103,15,2923),(2983,'2014-02-14',103,16,2937),(2984,'2014-02-14',103,17,2838),(2985,'2014-02-14',103,18,2781),(2988,'2014-02-14',103,19,2987),(2992,'2014-02-14',103,20,2991),(2993,'2014-02-21',104,1,2942),(2994,'2014-02-21',104,2,2568),(2995,'2014-02-21',104,3,2946),(2996,'2014-02-21',104,4,2738),(2997,'2014-02-21',104,5,2658),(2998,'2014-02-21',104,6,2712),(2999,'2014-02-21',104,7,2969),(3000,'2014-02-21',104,8,2798),(3001,'2014-02-21',104,9,2633),(3002,'2014-02-21',104,10,1399),(3003,'2014-02-21',104,11,2904),(3004,'2014-02-21',104,12,2838),(3005,'2014-02-21',104,13,2923),(3008,'2014-02-21',104,14,3007),(3009,'2014-02-21',104,15,2857),(3013,'2014-02-21',104,16,3012),(3014,'2014-02-21',104,17,2991),(3015,'2014-02-21',104,18,2937),(3021,'2014-02-21',104,19,3020),(3022,'2014-02-21',104,20,2980),(3023,'2014-02-28',105,1,2568),(3024,'2014-02-28',105,2,2969),(3025,'2014-02-28',105,3,2738),(3026,'2014-02-28',105,4,2904),(3027,'2014-02-28',105,5,2942),(3028,'2014-02-28',105,6,2798),(3029,'2014-02-28',105,7,2946),(3033,'2014-02-28',105,8,3032),(3034,'2014-02-28',105,9,2658),(3035,'2014-02-28',105,10,1399),(3036,'2014-02-28',105,11,2980),(3037,'2014-02-28',105,12,2923),(3038,'2014-02-28',105,13,3007),(3039,'2014-02-28',105,14,2633),(3040,'2014-02-28',105,15,3012),(3045,'2014-02-28',105,16,3044),(3046,'2014-02-28',105,17,2838),(3048,'2014-02-28',105,18,3047),(3049,'2014-02-28',105,19,2857),(3050,'2014-02-28',105,20,2991),(3051,'2014-03-07',106,1,2568),(3052,'2014-03-07',106,2,2946),(3053,'2014-03-07',106,3,2969),(3054,'2014-03-07',106,4,3044),(3055,'2014-03-07',106,5,3032),(3056,'2014-03-07',106,6,2923),(3057,'2014-03-07',106,7,2980),(3058,'2014-03-07',106,8,2942),(3059,'2014-03-07',106,9,2904),(3060,'2014-03-07',106,10,2798),(3061,'2014-03-07',106,11,2633),(3062,'2014-03-07',106,12,2658),(3063,'2014-03-07',106,13,2738),(3064,'2014-03-07',106,14,1399),(3065,'2014-03-07',106,15,2838),(3066,'2014-03-07',106,16,3012),(3069,'2014-03-07',106,17,3068),(3070,'2014-03-07',106,18,3047),(3074,'2014-03-07',106,19,3073),(3075,'2014-03-07',106,20,3007),(3076,'2014-03-14',107,1,2738),(3077,'2014-03-14',107,2,2568),(3078,'2014-03-14',107,3,3044),(3079,'2014-03-14',107,4,2942),(3080,'2014-03-14',107,5,2946),(3081,'2014-03-14',107,6,2969),(3082,'2014-03-14',107,7,2798),(3083,'2014-03-14',107,8,3032),(3085,'2014-03-14',107,9,3084),(3086,'2014-03-14',107,10,3073),(3087,'2014-03-14',107,11,2980),(3088,'2014-03-14',107,12,2633),(3092,'2014-03-14',107,13,3091),(3093,'2014-03-14',107,14,2838),(3097,'2014-03-14',107,15,3096),(3098,'2014-03-14',107,16,2658),(3099,'2014-03-14',107,17,1399),(3100,'2014-03-14',107,18,3007),(3101,'2014-03-14',107,19,3068),(3102,'2014-03-14',107,20,3047),(3103,'2014-03-21',108,1,3044),(3104,'2014-03-21',108,2,2738),(3105,'2014-03-21',108,3,3096),(3106,'2014-03-21',108,4,2798),(3107,'2014-03-21',108,5,3007),(3108,'2014-03-21',108,6,2942),(3109,'2014-03-21',108,7,1399),(3110,'2014-03-21',108,8,3084),(3111,'2014-03-21',108,9,2969),(3112,'2014-03-21',108,10,3032),(3113,'2014-03-21',108,11,2568),(3114,'2014-03-21',108,12,2946),(3116,'2014-03-21',108,13,3115),(3117,'2014-03-21',108,14,2658),(3118,'2014-03-21',108,15,3091),(3123,'2014-03-21',108,16,3122),(3124,'2014-03-21',108,17,3068),(3125,'2014-03-21',108,18,2980),(3128,'2014-03-21',108,19,3127),(3129,'2014-03-21',108,20,3073),(3130,'2014-03-28',109,1,3044),(3131,'2014-03-28',109,2,3115),(3132,'2014-03-28',109,3,3007),(3133,'2014-03-28',109,4,2568),(3134,'2014-03-28',109,5,2738),(3135,'2014-03-28',109,6,3032),(3138,'2014-03-28',109,7,3137),(3142,'2014-03-28',109,8,3141),(3143,'2014-03-28',109,9,2942),(3144,'2014-03-28',109,10,3073),(3145,'2014-03-28',109,11,1399),(3146,'2014-03-28',109,12,2980),(3147,'2014-03-28',109,13,2969),(3148,'2014-03-28',109,14,3084),(3149,'2014-03-28',109,15,3091),(3150,'2014-03-28',109,16,3068),(3151,'2014-03-28',109,17,3122),(3152,'2014-03-28',109,18,3127),(3156,'2014-03-28',109,19,3155),(3157,'2014-03-28',109,20,3096),(3158,'2014-04-04',110,1,2738),(3159,'2014-04-04',110,2,3007),(3160,'2014-04-04',110,3,3044),(3161,'2014-04-04',110,4,2568),(3162,'2014-04-04',110,5,3115),(3163,'2014-04-04',110,6,3073),(3164,'2014-04-04',110,7,2969),(3165,'2014-04-04',110,8,2942),(3166,'2014-04-04',110,9,3137),(3167,'2014-04-04',110,10,1399),(3168,'2014-04-04',110,11,3141),(3169,'2014-04-04',110,12,3122),(3170,'2014-04-04',110,13,3091),(3171,'2014-04-04',110,14,2980),(3172,'2014-04-04',110,15,3084),(3173,'2014-04-04',110,16,3096),(3176,'2014-04-04',110,17,3175),(3182,'2014-04-04',110,18,3181),(3183,'2014-04-04',110,19,3068),(3184,'2014-04-04',110,20,3155),(3186,'2014-04-11',111,1,3185),(3187,'2014-04-11',111,2,3115),(3188,'2014-04-11',111,3,3007),(3189,'2014-04-11',111,4,2738),(3190,'2014-04-11',111,5,3044),(3191,'2014-04-11',111,6,2568),(3192,'2014-04-11',111,7,3073),(3193,'2014-04-11',111,8,3096),(3194,'2014-04-11',111,9,2969),(3195,'2014-04-11',111,10,3122),(3196,'2014-04-11',111,11,3137),(3197,'2014-04-11',111,12,2942),(3198,'2014-04-11',111,13,3091),(3199,'2014-04-11',111,14,2980),(3203,'2014-04-11',111,15,3202),(3204,'2014-04-11',111,16,3141),(3205,'2014-04-11',111,17,3181),(3206,'2014-04-11',111,18,3175),(3207,'2014-04-11',111,19,3084),(3209,'2014-04-11',111,20,3208),(3210,'2014-04-25',112,1,3115),(3211,'2014-04-25',112,2,3185),(3212,'2014-04-25',112,3,3007),(3213,'2014-04-25',112,4,3044),(3214,'2014-04-25',112,5,2969),(3218,'2014-04-25',112,6,3217),(3221,'2014-04-25',112,7,3220),(3222,'2014-04-25',112,8,3073),(3223,'2014-04-25',112,9,2738),(3224,'2014-04-25',112,10,2942),(3225,'2014-04-25',112,11,2568),(3226,'2014-04-25',112,12,3091),(3227,'2014-04-25',112,13,3096),(3228,'2014-04-25',112,14,3137),(3230,'2014-04-25',112,15,3229),(3231,'2014-04-25',112,16,2980),(3234,'2014-04-25',112,17,3233),(3237,'2014-04-25',112,18,3236),(3238,'2014-04-25',112,19,3208),(3239,'2014-04-25',112,20,3141),(3240,'2014-05-02',113,1,3185),(3241,'2014-05-02',113,2,3044),(3242,'2014-05-02',113,3,3115),(3243,'2014-05-02',113,4,2738),(3244,'2014-05-02',113,5,2969),(3245,'2014-05-02',113,6,3007),(3246,'2014-05-02',113,7,3073),(3247,'2014-05-02',113,8,2942),(3249,'2014-05-02',113,9,3248),(3250,'2014-05-02',113,10,3096),(3251,'2014-05-02',113,11,3233),(3252,'2014-05-02',113,12,3229),(3253,'2014-05-02',113,13,3137),(3254,'2014-05-02',113,14,2980),(3255,'2014-05-02',113,15,3217),(3257,'2014-05-02',113,16,3256),(3258,'2014-05-02',113,17,3208),(3259,'2014-05-02',113,18,3220),(3260,'2014-05-02',113,19,3236),(3263,'2014-05-02',113,20,3262),(3264,'2014-05-09',114,1,3185),(3265,'2014-05-09',114,2,3007),(3266,'2014-05-09',114,3,3073),(3267,'2014-05-09',114,4,3044),(3268,'2014-05-09',114,5,2738),(3269,'2014-05-09',114,6,2969),(3270,'2014-05-09',114,7,3248),(3271,'2014-05-09',114,8,2942),(3272,'2014-05-09',114,9,3115),(3273,'2014-05-09',114,10,3220),(3274,'2014-05-09',114,11,3096),(3275,'2014-05-09',114,12,3137),(3276,'2014-05-09',114,13,3229),(3277,'2014-05-09',114,14,3233),(3278,'2014-05-09',114,15,3236),(3279,'2014-05-09',114,16,3217),(3281,'2014-05-09',114,17,3280),(3282,'2014-05-09',114,18,3208),(3283,'2014-05-09',114,19,3262),(3286,'2014-05-09',114,20,3285),(3287,'2014-05-16',115,1,3007),(3288,'2014-05-16',115,2,3185),(3289,'2014-05-16',115,3,3248),(3290,'2014-05-16',115,4,3073),(3291,'2014-05-16',115,5,3220),(3292,'2014-05-16',115,6,3115),(3293,'2014-05-16',115,7,3044),(3294,'2014-05-16',115,8,2969),(3295,'2014-05-16',115,9,3233),(3296,'2014-05-16',115,10,3229),(3297,'2014-05-16',115,11,3137),(3298,'2014-05-16',115,12,3217),(3299,'2014-05-16',115,13,3280),(3302,'2014-05-16',115,14,3301),(3303,'2014-05-16',115,15,2738),(3304,'2014-05-16',115,16,3285),(3308,'2014-05-16',115,17,3307),(3309,'2014-05-16',115,18,3262),(3312,'2014-05-16',115,19,3311),(3313,'2014-05-16',115,20,3236),(3314,'2014-05-23',116,1,3007),(3316,'2014-05-23',116,2,3315),(3317,'2014-05-23',116,3,3073),(3318,'2014-05-23',116,4,3185),(3319,'2014-05-23',116,5,3248),(3320,'2014-05-23',116,6,2969),(3321,'2014-05-23',116,7,3044),(3322,'2014-05-23',116,8,3220),(3323,'2014-05-23',116,9,2738),(3328,'2014-05-23',116,10,3327),(3329,'2014-05-23',116,11,3301),(3332,'2014-05-23',116,12,3331),(3333,'2014-05-23',116,13,3217),(3334,'2014-05-23',116,14,3233),(3335,'2014-05-23',116,15,3307),(3336,'2014-05-23',116,16,3262),(3337,'2014-05-23',116,17,3280),(3338,'2014-05-23',116,18,3285),(3339,'2014-05-23',116,19,3311),(3342,'2014-05-23',116,20,3341),(3343,'2014-05-30',117,1,3185),(3344,'2014-05-30',117,2,3007),(3345,'2014-05-30',117,3,3315),(3348,'2014-05-30',117,4,3347),(3349,'2014-05-30',117,5,2969),(3350,'2014-05-30',117,6,3248),(3351,'2014-05-30',117,7,3073),(3352,'2014-05-30',117,8,3220),(3353,'2014-05-30',117,9,3327),(3354,'2014-05-30',117,10,3233),(3357,'2014-05-30',117,11,3356),(3358,'2014-05-30',117,12,3280),(3359,'2014-05-30',117,13,3331),(3362,'2014-05-30',117,14,3361),(3363,'2014-05-30',117,15,3217),(3366,'2014-05-30',117,16,3365),(3367,'2014-05-30',117,17,3311),(3370,'2014-05-30',117,18,3369),(3371,'2014-05-30',117,19,3341),(3372,'2014-05-30',117,20,3262),(3377,'2014-06-06',118,1,3376),(3378,'2014-06-06',118,2,3007),(3379,'2014-06-06',118,3,3315),(3380,'2014-06-06',118,4,2969),(3381,'2014-06-06',118,5,3248),(3382,'2014-06-06',118,6,3185),(3383,'2014-06-06',118,7,3073),(3384,'2014-06-06',118,8,3347),(3388,'2014-06-06',118,9,3387),(3389,'2014-06-06',118,10,3361),(3390,'2014-06-06',118,11,3233),(3391,'2014-06-06',118,12,3369),(3392,'2014-06-06',118,13,3280),(3393,'2014-06-06',118,14,3331),(3394,'2014-06-06',118,15,3262),(3395,'2014-06-06',118,16,3341),(3398,'2014-06-06',118,17,3397),(3399,'2014-06-06',118,18,3356),(3400,'2014-06-06',118,19,3327),(3403,'2014-06-06',118,20,3402),(3404,'2014-06-13',119,1,3007),(3405,'2014-06-13',119,2,3376),(3406,'2014-06-13',119,3,3185),(3409,'2014-06-13',119,4,3408),(3410,'2014-06-13',119,5,3347),(3411,'2014-06-13',119,6,3327),(3412,'2014-06-13',119,7,2969),(3413,'2014-06-13',119,8,3073),(3414,'2014-06-13',119,9,3248),(3415,'2014-06-13',119,10,3315),(3416,'2014-06-13',119,11,3356),(3417,'2014-06-13',119,12,3402),(3418,'2014-06-13',119,13,3361),(3422,'2014-06-13',119,14,3421),(3423,'2014-06-13',119,15,3369),(3424,'2014-06-13',119,16,3387),(3425,'2014-06-13',119,17,3397),(3426,'2014-06-13',119,18,3341),(3430,'2014-06-13',119,19,3429),(3434,'2014-06-13',119,20,3433),(3435,'2014-06-20',120,1,3007),(3436,'2014-06-20',120,2,3408),(3437,'2014-06-20',120,3,2969),(3438,'2014-06-20',120,4,3185),(3439,'2014-06-20',120,5,3433),(3441,'2014-06-20',120,6,3440),(3442,'2014-06-20',120,7,3248),(3443,'2014-06-20',120,8,3073),(3444,'2014-06-20',120,9,3315),(3445,'2014-06-20',120,10,3376),(3446,'2014-06-20',120,11,3347),(3447,'2014-06-20',120,12,3356),(3450,'2014-06-20',120,13,3449),(3453,'2014-06-20',120,14,3452),(3454,'2014-06-20',120,15,3361),(3455,'2014-06-20',120,16,3421),(3456,'2014-06-20',120,17,3369),(3457,'2014-06-20',120,18,3429),(3458,'2014-06-20',120,19,3387),(3459,'2014-06-20',120,20,3402),(3460,'2014-10-11',121,1,1399),(3461,'2014-10-11',121,2,201),(3463,'2014-10-11',121,3,3462),(3464,'2014-10-11',121,4,2568),(3465,'2014-10-11',121,5,302),(3466,'2014-10-11',121,6,1395),(3467,'2014-10-11',121,7,55),(3469,'2014-10-11',121,8,3468),(3470,'2014-10-11',121,9,2738),(3471,'2014-10-11',121,10,1305),(3472,'2014-10-11',121,11,1658),(3473,'2014-10-11',121,12,23),(3474,'2014-10-11',121,13,558),(3475,'2014-10-11',121,14,1612),(3476,'2014-10-11',121,15,1513),(3478,'2014-10-11',121,16,3477),(3479,'2014-10-11',121,17,862),(3480,'2014-10-11',121,18,441),(3481,'2014-10-11',121,19,654),(3482,'2014-10-11',121,20,117),(3485,'2014-10-18',122,1,3484),(3486,'2014-10-18',122,2,1399),(3487,'2014-10-18',122,3,302),(3488,'2014-10-18',122,4,2568),(3489,'2014-10-18',122,5,201),(3490,'2014-10-18',122,6,3462),(3491,'2014-10-18',122,7,1658),(3492,'2014-10-18',122,8,55),(3493,'2014-10-18',122,9,15),(3494,'2014-10-18',122,10,2738),(3495,'2014-10-18',122,11,1395),(3496,'2014-10-18',122,12,3468),(3497,'2014-10-18',122,13,23),(3498,'2014-10-18',122,14,35),(3501,'2014-10-18',122,15,3500),(3502,'2014-10-18',122,16,117),(3503,'2014-10-18',122,17,1571),(3504,'2014-10-18',122,18,274),(3505,'2014-10-18',122,19,711),(3506,'2014-10-18',122,20,679),(3507,'2014-10-25',123,1,3484),(3508,'2014-10-25',123,2,1399),(3509,'2014-10-25',123,3,39),(3510,'2014-10-25',123,4,201),(3511,'2014-10-25',123,5,2568),(3516,'2014-10-25',123,6,3515),(3517,'2014-10-25',123,7,441),(3518,'2014-10-25',123,8,3462),(3519,'2014-10-25',123,9,596),(3520,'2014-10-25',123,10,302),(3523,'2014-10-25',123,11,3522),(3524,'2014-10-25',123,12,1658),(3525,'2014-10-25',123,13,117),(3526,'2014-10-25',123,14,15),(3527,'2014-10-25',123,15,3468),(3528,'2014-10-25',123,16,1612),(3529,'2014-10-25',123,17,23),(3530,'2014-10-25',123,18,136),(3532,'2014-10-25',123,19,3531),(3533,'2014-10-25',123,20,3),(3534,'2014-11-01',124,1,201),(3535,'2014-11-01',124,2,3522),(3536,'2014-11-01',124,3,1399),(3537,'2014-11-01',124,4,3484),(3538,'2014-11-01',124,5,441),(3539,'2014-11-01',124,6,39),(3540,'2014-11-01',124,7,35),(3541,'2014-11-01',124,8,67),(3542,'2014-11-01',124,9,3515),(3543,'2014-11-01',124,10,2568),(3544,'2014-11-01',124,11,1658),(3545,'2014-11-01',124,12,3),(3546,'2014-11-01',124,13,1612),(3547,'2014-11-01',124,14,3462),(3548,'2014-11-01',124,15,558),(3549,'2014-11-01',124,16,117),(3550,'2014-11-01',124,17,274),(3551,'2014-11-01',124,18,3500),(3552,'2014-11-01',124,19,93),(3553,'2014-11-01',124,20,3531),(3554,'2014-11-08',125,1,67),(3555,'2014-11-08',125,2,1399),(3556,'2014-11-08',125,3,55),(3557,'2014-11-08',125,4,626),(3558,'2014-11-08',125,5,3500),(3559,'2014-11-08',125,6,201),(3560,'2014-11-08',125,7,2568),(3561,'2014-11-08',125,8,3515),(3562,'2014-11-08',125,9,302),(3563,'2014-11-08',125,10,3484),(3564,'2014-11-08',125,11,39),(3565,'2014-11-08',125,12,3462),(3566,'2014-11-08',125,13,35),(3567,'2014-11-08',125,14,3),(3568,'2014-11-08',125,15,3468),(3569,'2014-11-08',125,16,1526),(3570,'2014-11-08',125,17,117),(3571,'2014-11-08',125,18,3522),(3573,'2014-11-08',125,19,3572),(3574,'2014-11-08',125,20,1658),(3575,'2014-11-15',126,1,2568),(3576,'2014-11-15',126,2,1399),(3577,'2014-11-15',126,3,67),(3578,'2014-11-15',126,4,201),(3579,'2014-11-15',126,5,2738),(3580,'2014-11-15',126,6,441),(3581,'2014-11-15',126,7,3484),(3582,'2014-11-15',126,8,862),(3583,'2014-11-15',126,9,302),(3584,'2014-11-15',126,10,314),(3585,'2014-11-15',126,11,39),(3586,'2014-11-15',126,12,3462),(3587,'2014-11-15',126,13,3477),(3588,'2014-11-15',126,14,2946),(3589,'2014-11-15',126,15,335),(3590,'2014-11-15',126,16,55),(3591,'2014-11-15',126,17,1658),(3592,'2014-11-15',126,18,558),(3593,'2014-11-15',126,19,274),(3594,'2014-11-15',126,20,626),(3595,'2014-11-22',127,1,1658),(3596,'2014-11-22',127,2,2568),(3597,'2014-11-22',127,3,67),(3598,'2014-11-22',127,4,55),(3599,'2014-11-22',127,5,3484),(3600,'2014-11-22',127,6,3468),(3601,'2014-11-22',127,7,201),(3602,'2014-11-22',127,8,1399),(3603,'2014-11-22',127,9,3522),(3606,'2014-11-22',127,10,3605),(3607,'2014-11-22',127,11,274),(3608,'2014-11-22',127,12,39),(3609,'2014-11-22',127,13,3462),(3610,'2014-11-22',127,14,3515),(3612,'2014-11-22',127,15,3611),(3613,'2014-11-22',127,16,302),(3614,'2014-11-22',127,17,3500),(3615,'2014-11-22',127,18,862),(3616,'2014-11-22',127,19,679),(3617,'2014-11-22',127,20,3032),(3618,'2014-11-29',128,1,2568),(3619,'2014-11-29',128,2,302),(3620,'2014-11-29',128,3,1658),(3621,'2014-11-29',128,4,1399),(3622,'2014-11-29',128,5,3462),(3623,'2014-11-29',128,6,201),(3624,'2014-11-29',128,7,3611),(3625,'2014-11-29',128,8,862),(3626,'2014-11-29',128,9,3032),(3627,'2014-11-29',128,10,1571),(3628,'2014-11-29',128,11,3500),(3633,'2014-11-29',128,12,3632),(3634,'2014-11-29',128,13,274),(3637,'2014-11-29',128,14,3636),(3638,'2014-11-29',128,15,2946),(3639,'2014-11-29',128,16,711),(3640,'2014-11-29',128,17,626),(3641,'2014-11-29',128,18,558),(3642,'2014-11-29',128,19,3522),(3645,'2014-11-29',128,20,3644),(3646,'2014-12-06',129,1,3644),(3647,'2014-12-06',129,2,2568),(3648,'2014-12-06',129,3,1658),(3649,'2014-12-06',129,4,3032),(3650,'2014-12-06',129,5,626),(3651,'2014-12-06',129,6,558),(3652,'2014-12-06',129,7,1571),(3653,'2014-12-06',129,8,302),(3654,'2014-12-06',129,9,1399),(3655,'2014-12-06',129,10,39),(3656,'2014-12-06',129,11,3632),(3657,'2014-12-06',129,12,201),(3658,'2014-12-06',129,13,2946),(3659,'2014-12-06',129,14,2738),(3660,'2014-12-06',129,15,3477),(3661,'2014-12-06',129,16,862),(3662,'2014-12-06',129,17,3605),(3663,'2014-12-06',129,18,3500),(3664,'2014-12-06',129,19,3636),(3665,'2014-12-06',129,20,335),(3666,'2014-12-27',130,1,2904),(3670,'2014-12-27',130,2,3669),(3671,'2014-12-27',130,3,3644),(3672,'2014-12-27',130,4,731),(3673,'2014-12-27',130,5,862),(3674,'2014-12-27',130,6,335),(3675,'2014-12-27',130,7,1790),(3676,'2014-12-27',130,8,15),(3677,'2014-12-27',130,9,35),(3678,'2014-12-27',130,10,1612),(3679,'2014-12-27',130,11,2568),(3683,'2014-12-27',130,12,3682),(3687,'2014-12-27',130,13,3686),(3688,'2014-12-27',130,14,1399),(3689,'2014-12-27',130,15,558),(3690,'2014-12-27',130,16,1658),(3691,'2014-12-27',130,17,3462),(3692,'2014-12-27',130,18,2946),(3695,'2014-12-27',130,19,3694),(3699,'2014-12-27',130,20,3698),(3700,'2015-01-03',131,1,3669),(3701,'2015-01-03',131,2,2904),(3702,'2015-01-03',131,3,3644),(3703,'2015-01-03',131,4,2568),(3704,'2015-01-03',131,5,3694),(3705,'2015-01-03',131,6,731),(3706,'2015-01-03',131,7,441),(3707,'2015-01-03',131,8,35),(3708,'2015-01-03',131,9,3682),(3709,'2015-01-03',131,10,3686),(3710,'2015-01-03',131,11,335),(3711,'2015-01-03',131,12,1790),(3716,'2015-01-03',131,13,3715),(3717,'2015-01-03',131,14,2946),(3718,'2015-01-03',131,15,558),(3719,'2015-01-03',131,16,1658),(3722,'2015-01-03',131,17,3721),(3724,'2015-01-03',131,18,3723),(3725,'2015-01-03',131,19,302),(3729,'2015-01-03',131,20,3728),(3730,'2015-01-10',132,1,3669),(3731,'2015-01-10',132,2,35),(3732,'2015-01-10',132,3,2904),(3733,'2015-01-10',132,4,3644),(3734,'2015-01-10',132,5,3682),(3735,'2015-01-10',132,6,3715),(3736,'2015-01-10',132,7,558),(3737,'2015-01-10',132,8,201),(3738,'2015-01-10',132,9,2568),(3739,'2015-01-10',132,10,731),(3740,'2015-01-10',132,11,3721),(3741,'2015-01-10',132,12,3694),(3742,'2015-01-10',132,13,1658),(3743,'2015-01-10',132,14,3686),(3744,'2015-01-10',132,15,302),(3749,'2015-01-10',132,16,3748),(3750,'2015-01-10',132,17,274),(3751,'2015-01-10',132,18,2946),(3754,'2015-01-10',132,19,3753),(3755,'2015-01-10',132,20,3636),(3759,'2015-01-17',133,1,3758),(3760,'2015-01-17',133,2,3669),(3761,'2015-01-17',133,3,2568),(3762,'2015-01-17',133,4,3644),(3765,'2015-01-17',133,5,3764),(3766,'2015-01-17',133,6,3698),(3767,'2015-01-17',133,7,3),(3768,'2015-01-17',133,8,1658),(3769,'2015-01-17',133,9,1526),(3770,'2015-01-17',133,10,1395),(3772,'2015-01-17',133,11,3771),(3773,'2015-01-17',133,12,35),(3774,'2015-01-17',133,13,1399),(3775,'2015-01-17',133,14,3694),(3776,'2015-01-17',133,15,3721),(3777,'2015-01-17',133,16,55),(3778,'2015-01-17',133,17,3723),(3780,'2015-01-17',133,18,3779),(3782,'2015-01-17',133,19,3781),(3783,'2015-01-17',133,20,505),(3784,'2015-01-24',134,1,3669),(3785,'2015-01-24',134,2,3758),(3786,'2015-01-24',134,3,2568),(3787,'2015-01-24',134,4,15),(3788,'2015-01-24',134,5,1395),(3789,'2015-01-24',134,6,3764),(3790,'2015-01-24',134,7,3694),(3791,'2015-01-24',134,8,1399),(3794,'2015-01-24',134,9,3793),(3795,'2015-01-24',134,10,879),(3796,'2015-01-24',134,11,3721),(3797,'2015-01-24',134,12,3698),(3798,'2015-01-24',134,13,2738),(3799,'2015-01-24',134,14,3723),(3800,'2015-01-24',134,15,533),(3801,'2015-01-24',134,16,136),(3802,'2015-01-24',134,17,3771),(3803,'2015-01-24',134,18,1658),(3804,'2015-01-24',134,19,3779),(3805,'2015-01-24',134,20,3531),(3806,'2015-01-31',135,1,3669),(3807,'2015-01-31',135,2,2568),(3808,'2015-01-31',135,3,3644),(3809,'2015-01-31',135,4,3758),(3810,'2015-01-31',135,5,3793),(3811,'2015-01-31',135,6,3779),(3812,'2015-01-31',135,7,1056),(3813,'2015-01-31',135,8,833),(3814,'2015-01-31',135,9,1658),(3815,'2015-01-31',135,10,3694),(3816,'2015-01-31',135,11,3032),(3819,'2015-01-31',135,12,3818),(3820,'2015-01-31',135,13,302),(3823,'2015-01-31',135,14,3822),(3824,'2015-01-31',135,15,3764),(3825,'2015-01-31',135,16,2738),(3826,'2015-01-31',135,17,533),(3829,'2015-01-31',135,18,3828),(3830,'2015-01-31',135,19,136),(3831,'2015-01-31',135,20,2678),(3832,'2015-02-07',136,1,3764),(3833,'2015-02-07',136,2,3818),(3834,'2015-02-07',136,3,2568),(3835,'2015-02-07',136,4,3669),(3836,'2015-02-07',136,5,3758),(3837,'2015-02-07',136,6,3644),(3838,'2015-02-07',136,7,1658),(3839,'2015-02-07',136,8,3793),(3840,'2015-02-07',136,9,395),(3841,'2015-02-07',136,10,335),(3842,'2015-02-07',136,11,3828),(3843,'2015-02-07',136,12,3723),(3844,'2015-02-07',136,13,879),(3845,'2015-02-07',136,14,274),(3846,'2015-02-07',136,15,533),(3848,'2015-02-07',136,16,3847),(3849,'2015-02-07',136,17,3462),(3850,'2015-02-07',136,18,55),(3851,'2015-02-07',136,19,3771),(3852,'2015-02-07',136,20,136),(3853,'2015-02-14',137,1,3669),(3854,'2015-02-14',137,2,67),(3855,'2015-02-14',137,3,3758),(3856,'2015-02-14',137,4,3818),(3857,'2015-02-14',137,5,3764),(3858,'2015-02-14',137,6,2568),(3859,'2015-02-14',137,7,3793),(3860,'2015-02-14',137,8,833),(3861,'2015-02-14',137,9,3644),(3862,'2015-02-14',137,10,395),(3863,'2015-02-14',137,11,2738),(3864,'2015-02-14',137,12,3847),(3865,'2015-02-14',137,13,55),(3866,'2015-02-14',137,14,3531),(3867,'2015-02-14',137,15,201),(3868,'2015-02-14',137,16,441),(3869,'2015-02-14',137,17,711),(3870,'2015-02-14',137,18,3781),(3871,'2015-02-14',137,19,3698),(3872,'2015-02-14',137,20,1941),(3873,'2015-02-21',138,1,3758),(3874,'2015-02-21',138,2,3669),(3875,'2015-02-21',138,3,3764),(3876,'2015-02-21',138,4,2568),(3877,'2015-02-21',138,5,67),(3878,'2015-02-21',138,6,395),(3879,'2015-02-21',138,7,879),(3880,'2015-02-21',138,8,3779),(3881,'2015-02-21',138,9,3822),(3883,'2015-02-21',138,10,3882),(3884,'2015-02-21',138,11,558),(3885,'2015-02-21',138,12,3644),(3886,'2015-02-21',138,13,3793),(3887,'2015-02-21',138,14,3723),(3888,'2015-02-21',138,15,3698),(3889,'2015-02-21',138,16,3),(3890,'2015-02-21',138,17,3694),(3891,'2015-02-21',138,18,196),(3892,'2015-02-21',138,19,3531),(3893,'2015-02-21',138,20,314),(3894,'2015-02-28',139,1,3669),(3895,'2015-02-28',139,2,67),(3896,'2015-02-28',139,3,93),(3897,'2015-02-28',139,4,3698),(3898,'2015-02-28',139,5,3764),(3899,'2015-02-28',139,6,3847),(3900,'2015-02-28',139,7,3758),(3901,'2015-02-28',139,8,1399),(3902,'2015-02-28',139,9,1395),(3903,'2015-02-28',139,10,558),(3904,'2015-02-28',139,11,2568),(3905,'2015-02-28',139,12,3822),(3906,'2015-02-28',139,13,3644),(3909,'2015-02-28',139,14,3908),(3910,'2015-02-28',139,15,1305),(3911,'2015-02-28',139,16,15),(3912,'2015-02-28',139,17,596),(3913,'2015-02-28',139,18,3721),(3914,'2015-02-28',139,19,35),(3915,'2015-02-28',139,20,3522),(3916,'2015-03-07',140,1,3758),(3917,'2015-03-07',140,2,3723),(3918,'2015-03-07',140,3,3669),(3919,'2015-03-07',140,4,1395),(3920,'2015-03-07',140,5,93),(3921,'2015-03-07',140,6,3),(3922,'2015-03-07',140,7,1254),(3923,'2015-03-07',140,8,3908),(3924,'2015-03-07',140,9,156),(3928,'2015-03-07',140,10,3927),(3929,'2015-03-07',140,11,11),(3930,'2015-03-07',140,12,3822),(3931,'2015-03-07',140,13,441),(3932,'2015-03-07',140,14,3828),(3933,'2015-03-07',140,15,3764),(3934,'2015-03-07',140,16,2568),(3935,'2015-03-07',140,17,3847),(3936,'2015-03-07',140,18,1612),(3937,'2015-03-07',140,19,558),(3938,'2015-03-07',140,20,302),(3941,'2015-03-14',141,1,3940),(3945,'2015-03-14',141,2,3944),(3946,'2015-03-14',141,3,3644),(3947,'2015-03-14',141,4,2568),(3948,'2015-03-14',141,5,3484),(3949,'2015-03-14',141,6,3822),(3950,'2015-03-14',141,7,3927),(3951,'2015-03-14',141,8,3758),(3952,'2015-03-14',141,9,1612),(3953,'2015-03-14',141,10,3828),(3954,'2015-03-14',141,11,3723),(3955,'2015-03-14',141,12,156),(3956,'2015-03-14',141,13,3007),(3957,'2015-03-14',141,14,3669),(3958,'2015-03-14',141,15,654),(3959,'2015-03-14',141,16,3721),(3960,'2015-03-14',141,17,323),(3961,'2015-03-14',141,18,3764),(3962,'2015-03-14',141,19,3908),(3967,'2015-03-14',141,20,3966),(3968,'2015-03-21',142,1,3644),(3969,'2015-03-21',142,2,3723),(3970,'2015-03-21',142,3,3669),(3971,'2015-03-21',142,4,3944),(3972,'2015-03-21',142,5,3007),(3973,'2015-03-21',142,6,3822),(3974,'2015-03-21',142,7,3758),(3977,'2015-03-21',142,8,3976),(3978,'2015-03-21',142,9,3940),(3979,'2015-03-21',142,10,1286),(3980,'2015-03-21',142,11,1395),(3981,'2015-03-21',142,12,3966),(3982,'2015-03-21',142,13,1658),(3983,'2015-03-21',142,14,3698),(3984,'2015-03-21',142,15,323),(3985,'2015-03-21',142,16,3515),(3987,'2015-03-21',142,17,3986),(3988,'2015-03-21',142,18,3764),(3989,'2015-03-21',142,19,3882),(3990,'2015-03-21',142,20,196),(3991,'2015-03-28',143,1,3944),(3992,'2015-03-28',143,2,3758),(3993,'2015-03-28',143,3,3644),(3994,'2015-03-28',143,4,3723),(3995,'2015-03-28',143,5,2568),(3996,'2015-03-28',143,6,3669),(3997,'2015-03-28',143,7,3822),(3998,'2015-03-28',143,8,879),(3999,'2015-03-28',143,9,3500),(4000,'2015-03-28',143,10,3976),(4003,'2015-03-28',143,11,4002),(4006,'2015-03-28',143,12,4005),(4007,'2015-03-28',143,13,3522),(4008,'2015-03-28',143,14,3007),(4009,'2015-03-28',143,15,3966),(4010,'2015-03-28',143,16,3940),(4011,'2015-03-28',143,17,3462),(4012,'2015-03-28',143,18,3764),(4013,'2015-03-28',143,19,1658),(4014,'2015-03-28',143,20,3882),(4015,'2015-04-11',144,1,3822),(4017,'2015-04-11',144,2,4016),(4018,'2015-04-11',144,3,3758),(4019,'2015-04-11',144,4,3723),(4020,'2015-04-11',144,5,3007),(4021,'2015-04-11',144,6,3644),(4022,'2015-04-11',144,7,3669),(4023,'2015-04-11',144,8,79),(4024,'2015-04-11',144,9,3944),(4025,'2015-04-11',144,10,3966),(4026,'2015-04-11',144,11,2678),(4027,'2015-04-11',144,12,3818),(4028,'2015-04-11',144,13,3531),(4029,'2015-04-11',144,14,274),(4030,'2015-04-11',144,15,1395),(4031,'2015-04-11',144,16,505),(4032,'2015-04-11',144,17,3764),(4033,'2015-04-11',144,18,1658),(4034,'2015-04-11',144,19,3986),(4036,'2015-04-11',144,20,4035),(4037,'2015-04-18',145,1,3315),(4038,'2015-04-18',145,2,2568),(4039,'2015-04-18',145,3,3822),(4040,'2015-04-18',145,4,4016),(4041,'2015-04-18',145,5,3669),(4042,'2015-04-18',145,6,3944),(4044,'2015-04-18',145,7,4043),(4045,'2015-04-18',145,8,3940),(4046,'2015-04-18',145,9,79),(4047,'2015-04-18',145,10,3764),(4048,'2015-04-18',145,11,1395),(4049,'2015-04-18',145,12,3966),(4050,'2015-04-18',145,13,1399),(4051,'2015-04-18',145,14,274),(4052,'2015-04-18',145,15,596),(4053,'2015-04-18',145,16,1658),(4054,'2015-04-18',145,17,117),(4055,'2015-04-18',145,18,1254),(4056,'2015-04-18',145,19,3728),(4057,'2015-04-18',145,20,1056),(4058,'2015-04-25',146,1,3315),(4060,'2015-04-25',146,2,4059),(4061,'2015-04-25',146,3,4016),(4062,'2015-04-25',146,4,3822),(4063,'2015-04-25',146,5,3944),(4064,'2015-04-25',146,6,274),(4065,'2015-04-25',146,7,3966),(4066,'2015-04-25',146,8,3940),(4067,'2015-04-25',146,9,100),(4068,'2015-04-25',146,10,4035),(4069,'2015-04-25',146,11,23),(4070,'2015-04-25',146,12,3462),(4071,'2015-04-25',146,13,1658),(4072,'2015-04-25',146,14,441),(4073,'2015-04-25',146,15,314),(4077,'2015-04-25',146,16,4076),(4080,'2015-04-25',146,17,4079),(4081,'2015-04-25',146,18,3632),(4082,'2015-04-25',146,19,2568),(4083,'2015-04-25',146,20,3723),(4084,'2015-05-02',147,1,4059),(4085,'2015-05-02',147,2,3315),(4086,'2015-05-02',147,3,509),(4087,'2015-05-02',147,4,3669),(4088,'2015-05-02',147,5,4016),(4089,'2015-05-02',147,6,3822),(4090,'2015-05-02',147,7,3944),(4091,'2015-05-02',147,8,879),(4092,'2015-05-02',147,9,4043),(4093,'2015-05-02',147,10,3764),(4094,'2015-05-02',147,11,558),(4095,'2015-05-02',147,12,3644),(4096,'2015-05-02',147,13,654),(4097,'2015-05-02',147,14,1395),(4098,'2015-05-02',147,15,1305),(4099,'2015-05-02',147,16,11),(4100,'2015-05-02',147,17,1612),(4101,'2015-05-02',147,18,3522),(4102,'2015-05-02',147,19,3),(4103,'2015-05-02',147,20,3721),(4104,'2015-05-09',148,1,4059),(4105,'2015-05-09',148,2,2629),(4106,'2015-05-09',148,3,3669),(4107,'2015-05-09',148,4,3315),(4108,'2015-05-09',148,5,4016),(4109,'2015-05-09',148,6,3822),(4112,'2015-05-09',148,7,4111),(4113,'2015-05-09',148,8,3944),(4114,'2015-05-09',148,9,509),(4115,'2015-05-09',148,10,654),(4116,'2015-05-09',148,11,3764),(4117,'2015-05-09',148,12,4043),(4118,'2015-05-09',148,13,3531),(4119,'2015-05-09',148,14,3758),(4120,'2015-05-09',148,15,2678),(4121,'2015-05-09',148,16,274),(4122,'2015-05-09',148,17,67),(4123,'2015-05-09',148,18,3694),(4124,'2015-05-09',148,19,879),(4125,'2015-05-09',148,20,314),(4126,'2015-05-16',149,1,3822),(4127,'2015-05-16',149,2,4059),(4128,'2015-05-16',149,3,3723),(4129,'2015-05-16',149,4,4016),(4130,'2015-05-16',149,5,4079),(4133,'2015-05-16',149,6,4132),(4134,'2015-05-16',149,7,1395),(4135,'2015-05-16',149,8,3698),(4139,'2015-05-16',149,9,4138),(4140,'2015-05-16',149,10,3944),(4141,'2015-05-16',149,11,3669),(4142,'2015-05-16',149,12,2712),(4143,'2015-05-16',149,13,314),(4144,'2015-05-16',149,14,3315),(4145,'2015-05-16',149,15,196),(4146,'2015-05-16',149,16,3940),(4149,'2015-05-16',149,17,4148),(4150,'2015-05-16',149,18,100),(4151,'2015-05-16',149,19,136),(4152,'2015-05-16',149,20,4002),(4153,'2015-05-23',150,1,196),(4154,'2015-05-23',150,2,3944),(4155,'2015-05-23',150,3,3007),(4156,'2015-05-23',150,4,100),(4157,'2015-05-23',150,5,2712),(4158,'2015-05-23',150,6,2189),(4159,'2015-05-23',150,7,3484),(4160,'2015-05-23',150,8,3694),(4161,'2015-05-23',150,9,441),(4162,'2015-05-23',150,10,3728),(4163,'2015-05-23',150,11,3940),(4164,'2015-05-23',150,12,3632),(4165,'2015-05-23',150,13,35),(4166,'2015-05-23',150,14,3),(4167,'2015-05-23',150,15,1658),(4168,'2015-05-23',150,16,3764),(4169,'2015-05-23',150,17,3686),(4170,'2015-05-23',150,18,156),(4171,'2015-05-23',150,19,240),(4172,'2015-05-23',150,20,3986),(4174,'2015-06-06',151,1,4173),(4175,'2015-06-06',151,2,196),(4176,'2015-06-06',151,3,3007),(4177,'2015-06-06',151,4,3822),(4178,'2015-06-06',151,5,3484),(4179,'2015-06-06',151,6,3644),(4180,'2015-06-06',151,7,3986),(4181,'2015-06-06',151,8,1395),(4182,'2015-06-06',151,9,3764),(4183,'2015-06-06',151,10,55),(4184,'2015-06-06',151,11,3477),(4185,'2015-06-06',151,12,711),(4186,'2015-06-06',151,13,3781),(4187,'2015-06-06',151,14,2712),(4188,'2015-06-06',151,15,3636),(4189,'2015-06-06',151,16,1612),(4190,'2015-06-06',151,17,3944),(4191,'2015-06-06',151,18,314),(4192,'2015-06-06',151,19,306),(4193,'2015-06-06',151,20,3940),(4194,'2015-06-13',152,1,3822),(4195,'2015-06-13',152,2,4173),(4196,'2015-06-13',152,3,3764),(4197,'2015-06-13',152,4,302),(4198,'2015-06-13',152,5,196),(4201,'2015-06-13',152,6,4200),(4202,'2015-06-13',152,7,3758),(4203,'2015-06-13',152,8,2568),(4204,'2015-06-13',152,9,3484),(4205,'2015-06-13',152,10,117),(4206,'2015-06-13',152,11,3007),(4207,'2015-06-13',152,12,1399),(4208,'2015-06-13',152,13,3698),(4209,'2015-06-13',152,14,1305),(4210,'2015-06-13',152,15,1236),(4211,'2015-06-13',152,16,100),(4212,'2015-06-13',152,17,2712),(4213,'2015-06-13',152,18,1056),(4214,'2015-06-13',152,19,862),(4215,'2015-06-13',152,20,4132),(4216,'2015-06-20',153,1,4173),(4217,'2015-06-20',153,2,505),(4218,'2015-06-20',153,3,302),(4219,'2015-06-20',153,4,3764),(4220,'2015-06-20',153,5,3007),(4221,'2015-06-20',153,6,4200),(4222,'2015-06-20',153,7,3822),(4223,'2015-06-20',153,8,2712),(4224,'2015-06-20',153,9,4132),(4225,'2015-06-20',153,10,3758),(4226,'2015-06-20',153,11,1399),(4227,'2015-06-20',153,12,100),(4228,'2015-06-20',153,13,654),(4229,'2015-06-20',153,14,711),(4230,'2015-06-20',153,15,306),(4231,'2015-06-20',153,16,3484),(4232,'2015-06-20',153,17,3818),(4233,'2015-06-20',153,18,3771),(4234,'2015-06-20',153,19,39),(4235,'2015-06-20',153,20,3753),(4236,'2015-06-27',154,1,3611),(4237,'2015-06-27',154,2,4173),(4238,'2015-06-27',154,3,3572),(4239,'2015-06-27',154,4,4200),(4240,'2015-06-27',154,5,3764),(4241,'2015-06-27',154,6,1395),(4242,'2015-06-27',154,7,302),(4243,'2015-06-27',154,8,3669),(4244,'2015-06-27',154,9,3484),(4245,'2015-06-27',154,10,2712),(4246,'2015-06-27',154,11,2568),(4247,'2015-06-27',154,12,314),(4248,'2015-06-27',154,13,201),(4249,'2015-06-27',154,14,3636),(4250,'2015-06-27',154,15,23),(4251,'2015-06-27',154,16,3),(4252,'2015-06-27',154,17,4132),(4253,'2015-06-27',154,18,2678),(4254,'2015-06-27',154,19,3723),(4255,'2015-06-27',154,20,1941),(4259,'2015-09-05',155,1,4258),(4260,'2015-09-05',155,2,302),(4261,'2015-09-05',155,3,2568),(4262,'2015-09-05',155,4,3644),(4263,'2015-09-05',155,5,1395),(4264,'2015-09-05',155,6,1399),(4265,'2015-09-05',155,7,3462),(4266,'2015-09-05',155,8,3484),(4270,'2015-09-05',155,9,4269),(4271,'2015-09-05',155,10,1305),(4272,'2015-09-05',155,11,558),(4276,'2015-09-05',155,12,4275),(4277,'2015-09-05',155,13,833),(4278,'2015-09-05',155,14,3758),(4279,'2015-09-05',155,15,4132),(4280,'2015-09-05',155,16,314),(4281,'2015-09-05',155,17,3669),(4282,'2015-09-05',155,18,1658),(4283,'2015-09-05',155,19,3611),(4284,'2015-09-05',155,20,55),(4288,'2015-09-12',156,1,4287),(4289,'2015-09-12',156,2,4258),(4290,'2015-09-12',156,3,2568),(4291,'2015-09-12',156,4,3822),(4292,'2015-09-12',156,5,4275),(4293,'2015-09-12',156,6,1395),(4294,'2015-09-12',156,7,55),(4295,'2015-09-12',156,8,3),(4296,'2015-09-12',156,9,67),(4297,'2015-09-12',156,10,3484),(4298,'2015-09-12',156,11,2712),(4301,'2015-09-12',156,12,4300),(4302,'2015-09-12',156,13,3986),(4303,'2015-09-12',156,14,3764),(4304,'2015-09-12',156,15,4132),(4305,'2015-09-12',156,16,314),(4306,'2015-09-12',156,17,3669),(4307,'2015-09-12',156,18,441),(4308,'2015-09-12',156,19,558),(4309,'2015-09-12',156,20,4269),(4310,'2015-09-19',157,1,782),(4311,'2015-09-19',157,2,4287),(4312,'2015-09-19',157,3,4258),(4313,'2015-09-19',157,4,4275),(4314,'2015-09-19',157,5,3669),(4315,'2015-09-19',157,6,1395),(4316,'2015-09-19',157,7,314),(4317,'2015-09-19',157,8,4269),(4318,'2015-09-19',157,9,67),(4319,'2015-09-19',157,10,3721),(4320,'2015-09-19',157,11,306),(4321,'2015-09-19',157,12,2712),(4322,'2015-09-19',157,13,833),(4323,'2015-09-19',157,14,3822),(4324,'2015-09-19',157,15,4132),(4325,'2015-09-19',157,16,3522),(4326,'2015-09-19',157,17,1658),(4327,'2015-09-19',157,18,3644),(4328,'2015-09-19',157,19,3694),(4329,'2015-09-19',157,20,4059),(4332,'2015-09-26',158,1,4331),(4333,'2015-09-26',158,2,833),(4334,'2015-09-26',158,3,4275),(4335,'2015-09-26',158,4,2568),(4338,'2015-09-26',158,5,4337),(4339,'2015-09-26',158,6,4287),(4340,'2015-09-26',158,7,3669),(4341,'2015-09-26',158,8,3764),(4342,'2015-09-26',158,9,3484),(4343,'2015-09-26',158,10,3644),(4344,'2015-09-26',158,11,3694),(4345,'2015-09-26',158,12,782),(4346,'2015-09-26',158,13,4269),(4347,'2015-09-26',158,14,441),(4348,'2015-09-26',158,15,3468),(4349,'2015-09-26',158,16,136),(4350,'2015-09-26',158,17,3522),(4351,'2015-09-26',158,18,1395),(4352,'2015-09-26',158,19,2712),(4353,'2015-09-26',158,20,3721),(4354,'2015-10-03',159,1,441),(4355,'2015-10-03',159,2,3764),(4356,'2015-10-03',159,3,2568),(4357,'2015-10-03',159,4,2712),(4358,'2015-10-03',159,5,3669),(4359,'2015-10-03',159,6,4275),(4360,'2015-10-03',159,7,4331),(4361,'2015-10-03',159,8,4287),(4362,'2015-10-03',159,9,3822),(4363,'2015-10-03',159,10,4337),(4364,'2015-10-03',159,11,3758),(4365,'2015-10-03',159,12,3522),(4366,'2015-10-03',159,13,1236),(4367,'2015-10-03',159,14,1658),(4368,'2015-10-03',159,15,1399),(4369,'2015-10-03',159,16,2946),(4370,'2015-10-03',159,17,4132),(4371,'2015-10-03',159,18,4258),(4372,'2015-10-03',159,19,306),(4373,'2015-10-03',159,20,3828),(4374,'2015-10-10',160,1,441),(4375,'2015-10-10',160,2,4016),(4376,'2015-10-10',160,3,833),(4377,'2015-10-10',160,4,3694),(4378,'2015-10-10',160,5,4275),(4379,'2015-10-10',160,6,1790),(4380,'2015-10-10',160,7,3764),(4381,'2015-10-10',160,8,3822),(4382,'2015-10-10',160,9,4331),(4383,'2015-10-10',160,10,1658),(4384,'2015-10-10',160,11,2568),(4385,'2015-10-10',160,12,3522),(4386,'2015-10-10',160,13,3515),(4387,'2015-10-10',160,14,274),(4388,'2015-10-10',160,15,3500),(4389,'2015-10-10',160,16,255),(4390,'2015-10-10',160,17,3698),(4391,'2015-10-10',160,18,4287),(4392,'2015-10-10',160,19,117),(4396,'2015-10-10',160,20,4395),(4397,'2015-10-17',161,1,558),(4398,'2015-10-17',161,2,3758),(4399,'2015-10-17',161,3,3764),(4400,'2015-10-17',161,4,441),(4401,'2015-10-17',161,5,3669),(4402,'2015-10-17',161,6,4016),(4403,'2015-10-17',161,7,67),(4404,'2015-10-17',161,8,3462),(4405,'2015-10-17',161,9,4132),(4406,'2015-10-17',161,10,3468),(4407,'2015-10-17',161,11,2942),(4408,'2015-10-17',161,12,55),(4409,'2015-10-17',161,13,1658),(4410,'2015-10-17',161,14,1395),(4411,'2015-10-17',161,15,3822),(4412,'2015-10-17',161,16,2738),(4413,'2015-10-17',161,17,302),(4414,'2015-10-17',161,18,654),(4415,'2015-10-17',161,19,4395),(4416,'2015-10-17',161,20,3477),(4417,'2015-10-24',162,1,3715),(4418,'2015-10-24',162,2,558),(4419,'2015-10-24',162,3,11),(4420,'2015-10-24',162,4,441),(4421,'2015-10-24',162,5,1526),(4422,'2015-10-24',162,6,2942),(4423,'2015-10-24',162,7,4269),(4425,'2015-10-24',162,8,4424),(4426,'2015-10-24',162,9,4275),(4427,'2015-10-24',162,10,4395),(4428,'2015-10-24',162,11,2568),(4429,'2015-10-24',162,12,3669),(4430,'2015-10-24',162,13,3822),(4431,'2015-10-24',162,14,3882),(4432,'2015-10-24',162,15,3644),(4433,'2015-10-24',162,16,1658),(4434,'2015-10-24',162,17,1395),(4435,'2015-10-24',162,18,1571),(4436,'2015-10-24',162,19,2712),(4437,'2015-10-24',162,20,3764),(4438,'2015-11-07',163,1,1283),(4439,'2015-11-07',163,2,4059),(4440,'2015-11-07',163,3,596),(4441,'2015-11-07',163,4,3315),(4442,'2015-11-07',163,5,3966),(4443,'2015-11-07',163,6,3669),(4444,'2015-11-07',163,7,3715),(4445,'2015-11-07',163,8,4395),(4446,'2015-11-07',163,9,2568),(4447,'2015-11-07',163,10,1658),(4448,'2015-11-07',163,11,11),(4449,'2015-11-07',163,12,3698),(4450,'2015-11-07',163,13,4275),(4451,'2015-11-07',163,14,3),(4453,'2015-11-07',163,15,4452),(4454,'2015-11-07',163,16,1395),(4455,'2015-11-07',163,17,833),(4456,'2015-11-07',163,18,3644),(4457,'2015-11-07',163,19,3764),(4458,'2015-11-07',163,20,3694),(4459,'2015-11-14',164,1,4059),(4460,'2015-11-14',164,2,3315),(4461,'2015-11-14',164,3,1283),(4462,'2015-11-14',164,4,3669),(4463,'2015-11-14',164,5,596),(4464,'2015-11-14',164,6,3611),(4465,'2015-11-14',164,7,3462),(4466,'2015-11-14',164,8,1399),(4467,'2015-11-14',164,9,4275),(4468,'2015-11-14',164,10,3644),(4469,'2015-11-14',164,11,4395),(4470,'2015-11-14',164,12,3715),(4471,'2015-11-14',164,13,11),(4472,'2015-11-14',164,14,1236),(4473,'2015-11-14',164,15,4452),(4474,'2015-11-14',164,16,2712),(4475,'2015-11-14',164,17,35),(4476,'2015-11-14',164,18,117),(4477,'2015-11-14',164,19,3484),(4478,'2015-11-14',164,20,2738),(4479,'2015-11-21',165,1,3484),(4480,'2015-11-21',165,2,3315),(4484,'2015-11-21',165,3,4483),(4485,'2015-11-21',165,4,302),(4486,'2015-11-21',165,5,1658),(4487,'2015-11-21',165,6,4059),(4490,'2015-11-21',165,7,4489),(4491,'2015-11-21',165,8,1399),(4492,'2015-11-21',165,9,4200),(4493,'2015-11-21',165,10,1283),(4494,'2015-11-21',165,11,3966),(4495,'2015-11-21',165,12,4395),(4496,'2015-11-21',165,13,1305),(4497,'2015-11-21',165,14,2942),(4498,'2015-11-21',165,15,3758),(4499,'2015-11-21',165,16,3781),(4500,'2015-11-21',165,17,4452),(4501,'2015-11-21',165,18,4337),(4502,'2015-11-21',165,19,2712),(4503,'2015-11-21',165,20,654),(4504,'2015-11-28',166,1,67),(4505,'2015-11-28',166,2,15),(4506,'2015-11-28',166,3,4016),(4507,'2015-11-28',166,4,1236),(4508,'2015-11-28',166,5,3758),(4509,'2015-11-28',166,6,3644),(4510,'2015-11-28',166,7,358),(4511,'2015-11-28',166,8,3462),(4512,'2015-11-28',166,9,833),(4513,'2015-11-28',166,10,201),(4514,'2015-11-28',166,11,3477),(4515,'2015-11-28',166,12,3828),(4516,'2015-11-28',166,13,1399),(4517,'2015-11-28',166,14,117),(4518,'2015-11-28',166,15,4452),(4519,'2015-11-28',166,16,4395),(4520,'2015-11-28',166,17,2738),(4521,'2015-11-28',166,18,35),(4522,'2015-11-28',166,19,156),(4523,'2015-11-28',166,20,3315),(4524,'2015-12-05',167,1,3721),(4525,'2015-12-05',167,2,67),(4526,'2015-12-05',167,3,4132),(4527,'2015-12-05',167,4,1658),(4528,'2015-12-05',167,5,3484),(4529,'2015-12-05',167,6,4395),(4531,'2015-12-05',167,7,4530),(4532,'2015-12-05',167,8,2568),(4535,'2015-12-05',167,9,4534),(4536,'2015-12-05',167,10,1056),(4537,'2015-12-05',167,11,3),(4538,'2015-12-05',167,12,302),(4539,'2015-12-05',167,13,4269),(4540,'2015-12-05',167,14,833),(4541,'2015-12-05',167,15,4016),(4542,'2015-12-05',167,16,11),(4543,'2015-12-05',167,17,679),(4548,'2015-12-05',167,18,4547),(4549,'2015-12-05',167,19,4331),(4550,'2015-12-05',167,20,4275),(4551,'2016-01-02',168,1,15),(4552,'2016-01-02',168,2,509),(4553,'2016-01-02',168,3,1790),(4556,'2016-01-02',168,4,4555),(4559,'2016-01-02',168,5,4558),(4560,'2016-01-02',168,6,1286),(4561,'2016-01-02',168,7,3721),(4562,'2016-01-02',168,8,3462),(4563,'2016-01-02',168,9,3976),(4564,'2016-01-02',168,10,302),(4565,'2016-01-02',168,11,3758),(4566,'2016-01-02',168,12,1399),(4567,'2016-01-02',168,13,1658),(4568,'2016-01-02',168,14,3669),(4569,'2016-01-02',168,15,1395),(4570,'2016-01-02',168,16,4016),(4571,'2016-01-02',168,17,1236),(4572,'2016-01-02',168,18,314),(4573,'2016-01-02',168,19,2568),(4574,'2016-01-02',168,20,441),(4575,'2016-01-09',169,1,3793),(4576,'2016-01-09',169,2,3632),(4577,'2016-01-09',169,3,2712),(4578,'2016-01-09',169,4,1658),(4580,'2016-01-09',169,5,4579),(4581,'2016-01-09',169,6,3462),(4582,'2016-01-09',169,7,302),(4583,'2016-01-09',169,8,15),(4584,'2016-01-09',169,9,441),(4585,'2016-01-09',169,10,3669),(4586,'2016-01-09',169,11,3976),(4588,'2016-01-09',169,12,4587),(4589,'2016-01-09',169,13,274),(4590,'2016-01-09',169,14,3698),(4591,'2016-01-09',169,15,3),(4592,'2016-01-09',169,16,4337),(4593,'2016-01-09',169,17,1305),(4594,'2016-01-09',169,18,558),(4595,'2016-01-09',169,19,1399),(4596,'2016-01-09',169,20,3477),(4599,'2016-01-16',170,1,4598),(4600,'2016-01-16',170,2,3793),(4601,'2016-01-16',170,3,4530),(4602,'2016-01-16',170,4,1658),(4605,'2016-01-16',170,5,4604),(4606,'2016-01-16',170,6,3632),(4607,'2016-01-16',170,7,302),(4608,'2016-01-16',170,8,2946),(4609,'2016-01-16',170,9,2712),(4610,'2016-01-16',170,10,3669),(4611,'2016-01-16',170,11,15),(4612,'2016-01-16',170,12,1526),(4613,'2016-01-16',170,13,441),(4614,'2016-01-16',170,14,274),(4615,'2016-01-16',170,15,3758),(4616,'2016-01-16',170,16,4579),(4617,'2016-01-16',170,17,3644),(4618,'2016-01-16',170,18,1305),(4619,'2016-01-16',170,19,1399),(4620,'2016-01-16',170,20,1395),(4621,'2016-01-23',171,1,4598),(4622,'2016-01-23',171,2,4287),(4623,'2016-01-23',171,3,4173),(4624,'2016-01-23',171,4,3793),(4625,'2016-01-23',171,5,1658),(4626,'2016-01-23',171,6,4111),(4627,'2016-01-23',171,7,55),(4628,'2016-01-23',171,8,4530),(4629,'2016-01-23',171,9,2568),(4630,'2016-01-23',171,10,4604),(4631,'2016-01-23',171,11,11),(4632,'2016-01-23',171,12,1305),(4633,'2016-01-23',171,13,274),(4634,'2016-01-23',171,14,3632),(4635,'2016-01-23',171,15,4395),(4636,'2016-01-23',171,16,558),(4637,'2016-01-23',171,17,4547),(4638,'2016-01-23',171,18,3515),(4639,'2016-01-23',171,19,4269),(4642,'2016-01-23',171,20,4641),(4643,'2016-01-30',172,1,4598),(4644,'2016-01-30',172,2,4173),(4645,'2016-01-30',172,3,4604),(4646,'2016-01-30',172,4,4111),(4647,'2016-01-30',172,5,4530),(4648,'2016-01-30',172,6,4258),(4649,'2016-01-30',172,7,3793),(4650,'2016-01-30',172,8,4287),(4651,'2016-01-30',172,9,274),(4652,'2016-01-30',172,10,4641),(4653,'2016-01-30',172,11,4547),(4654,'2016-01-30',172,12,1395),(4655,'2016-01-30',172,13,4489),(4656,'2016-01-30',172,14,1658),(4657,'2016-01-30',172,15,4395),(4658,'2016-01-30',172,16,4079),(4659,'2016-01-30',172,17,2946),(4660,'2016-01-30',172,18,4337),(4661,'2016-01-30',172,19,3822),(4662,'2016-01-30',172,20,2568),(4663,'2016-02-06',173,1,505),(4664,'2016-02-06',173,2,4598),(4665,'2016-02-06',173,3,4604),(4666,'2016-02-06',173,4,3793),(4667,'2016-02-06',173,5,4287),(4668,'2016-02-06',173,6,4530),(4669,'2016-02-06',173,7,1658),(4670,'2016-02-06',173,8,4173),(4671,'2016-02-06',173,9,4258),(4672,'2016-02-06',173,10,3728),(4673,'2016-02-06',173,11,1790),(4674,'2016-02-06',173,12,274),(4675,'2016-02-06',173,13,3500),(4676,'2016-02-06',173,14,4587),(4677,'2016-02-06',173,15,3477),(4678,'2016-02-06',173,16,3531),(4679,'2016-02-06',173,17,4395),(4680,'2016-02-06',173,18,4547),(4681,'2016-02-06',173,19,4641),(4682,'2016-02-06',173,20,4111),(4683,'2016-02-13',174,1,505),(4684,'2016-02-13',174,2,4604),(4685,'2016-02-13',174,3,4598),(4686,'2016-02-13',174,4,268),(4687,'2016-02-13',174,5,4287),(4688,'2016-02-13',174,6,3793),(4689,'2016-02-13',174,7,1658),(4692,'2016-02-13',174,8,4691),(4693,'2016-02-13',174,9,4641),(4694,'2016-02-13',174,10,2568),(4695,'2016-02-13',174,11,4111),(4696,'2016-02-13',174,12,558),(4697,'2016-02-13',174,13,4258),(4698,'2016-02-13',174,14,1399),(4699,'2016-02-13',174,15,3522),(4700,'2016-02-13',174,16,3822),(4701,'2016-02-13',174,17,4173),(4702,'2016-02-13',174,18,3728),(4703,'2016-02-13',174,19,323),(4707,'2016-02-13',174,20,4706),(4708,'2016-02-20',175,1,4604),(4709,'2016-02-20',175,2,505),(4710,'2016-02-20',175,3,4641),(4711,'2016-02-20',175,4,4287),(4712,'2016-02-20',175,5,4598),(4713,'2016-02-20',175,6,302),(4714,'2016-02-20',175,7,268),(4715,'2016-02-20',175,8,4530),(4716,'2016-02-20',175,9,4173),(4717,'2016-02-20',175,10,1658),(4718,'2016-02-20',175,11,4258),(4719,'2016-02-20',175,12,4395),(4720,'2016-02-20',175,13,4691),(4721,'2016-02-20',175,14,1236),(4722,'2016-02-20',175,15,441),(4723,'2016-02-20',175,16,274),(4724,'2016-02-20',175,17,1790),(4725,'2016-02-20',175,18,3669),(4726,'2016-02-20',175,19,4111),(4727,'2016-02-20',175,20,3793),(4728,'2016-02-27',176,1,4604),(4729,'2016-02-27',176,2,4641),(4730,'2016-02-27',176,3,268),(4731,'2016-02-27',176,4,4598),(4732,'2016-02-27',176,5,505),(4733,'2016-02-27',176,6,4691),(4734,'2016-02-27',176,7,3694),(4735,'2016-02-27',176,8,3531),(4736,'2016-02-27',176,9,4706),(4737,'2016-02-27',176,10,1658),(4738,'2016-02-27',176,11,4547),(4739,'2016-02-27',176,12,4483),(4740,'2016-02-27',176,13,3721),(4743,'2016-02-27',176,14,4742),(4744,'2016-02-27',176,15,100),(4745,'2016-02-27',176,16,3728),(4746,'2016-02-27',176,17,4079),(4747,'2016-02-27',176,18,3),(4748,'2016-02-27',176,19,3632),(4749,'2016-02-27',176,20,3882),(4750,'2016-03-05',177,1,4641),(4751,'2016-03-05',177,2,4604),(4752,'2016-03-05',177,3,3500),(4753,'2016-03-05',177,4,4598),(4754,'2016-03-05',177,5,2712),(4755,'2016-03-05',177,6,2942),(4756,'2016-03-05',177,7,1399),(4757,'2016-03-05',177,8,1658),(4758,'2016-03-05',177,9,268),(4759,'2016-03-05',177,10,505),(4760,'2016-03-05',177,11,3462),(4761,'2016-03-05',177,12,3484),(4762,'2016-03-05',177,13,4043),(4763,'2016-03-05',177,14,4275),(4764,'2016-03-05',177,15,3522),(4765,'2016-03-05',177,16,4395),(4766,'2016-03-05',177,17,4132),(4767,'2016-03-05',177,18,4547),(4768,'2016-03-05',177,19,3723),(4769,'2016-03-05',177,20,4059),(4770,'2016-03-12',178,1,4604),(4771,'2016-03-12',178,2,4641),(4772,'2016-03-12',178,3,4598),(4773,'2016-03-12',178,4,3500),(4774,'2016-03-12',178,5,2942),(4775,'2016-03-12',178,6,1658),(4776,'2016-03-12',178,7,35),(4777,'2016-03-12',178,8,3728),(4778,'2016-03-12',178,9,1283),(4779,'2016-03-12',178,10,3515),(4780,'2016-03-12',178,11,3882),(4781,'2016-03-12',178,12,2712),(4782,'2016-03-12',178,13,196),(4783,'2016-03-12',178,14,3484),(4784,'2016-03-12',178,15,4331),(4785,'2016-03-12',178,16,314),(4786,'2016-03-12',178,17,4337),(4787,'2016-03-12',178,18,3522),(4788,'2016-03-12',178,19,3764),(4789,'2016-03-12',178,20,323),(4790,'2016-03-19',179,1,4604),(4791,'2016-03-19',179,2,302),(4792,'2016-03-19',179,3,2568),(4793,'2016-03-19',179,4,3500),(4794,'2016-03-19',179,5,4598),(4795,'2016-03-19',179,6,3728),(4796,'2016-03-19',179,7,4641),(4797,'2016-03-19',179,8,4269),(4798,'2016-03-19',179,9,4173),(4799,'2016-03-19',179,10,1658),(4800,'2016-03-19',179,11,679),(4801,'2016-03-19',179,12,335),(4805,'2016-03-19',179,13,4804),(4806,'2016-03-19',179,14,4530),(4807,'2016-03-19',179,15,4547),(4808,'2016-03-19',179,16,4742),(4809,'2016-03-19',179,17,55),(4810,'2016-03-19',179,18,314),(4811,'2016-03-19',179,19,4035),(4812,'2016-03-19',179,20,93),(4813,'2016-04-02',180,1,4641),(4814,'2016-04-02',180,2,4173),(4815,'2016-04-02',180,3,4604),(4816,'2016-04-02',180,4,1395),(4817,'2016-04-02',180,5,4424),(4818,'2016-04-02',180,6,4111),(4819,'2016-04-02',180,7,3822),(4820,'2016-04-02',180,8,1790),(4821,'2016-04-02',180,9,3698),(4822,'2016-04-02',180,10,3644),(4823,'2016-04-02',180,11,3723),(4824,'2016-04-02',180,12,1526),(4825,'2016-04-02',180,13,100),(4826,'2016-04-02',180,14,3758),(4827,'2016-04-02',180,15,3753),(4828,'2016-04-02',180,16,3944),(4829,'2016-04-02',180,17,196),(4830,'2016-04-02',180,18,4598),(4831,'2016-04-02',180,19,3940),(4832,'2016-04-02',180,20,3315),(4833,'2016-04-09',181,1,1941),(4834,'2016-04-09',181,2,3781),(4835,'2016-04-09',181,3,3822),(4836,'2016-04-09',181,4,3927),(4837,'2016-04-09',181,5,4395),(4838,'2016-04-09',181,6,4641),(4839,'2016-04-09',181,7,1658),(4840,'2016-04-09',181,8,3644),(4841,'2016-04-09',181,9,4604),(4842,'2016-04-09',181,10,3669),(4843,'2016-04-09',181,11,100),(4844,'2016-04-09',181,12,558),(4845,'2016-04-09',181,13,4269),(4846,'2016-04-09',181,14,1395),(4847,'2016-04-09',181,15,3721),(4848,'2016-04-09',181,16,2712),(4849,'2016-04-09',181,17,4706),(4850,'2016-04-09',181,18,3572),(4851,'2016-04-09',181,19,4275),(4852,'2016-04-09',181,20,323),(4855,'2016-04-16',182,1,4854),(4856,'2016-04-16',182,2,1941),(4857,'2016-04-16',182,3,3781),(4858,'2016-04-16',182,4,3644),(4859,'2016-04-16',182,5,4604),(4860,'2016-04-16',182,6,196),(4861,'2016-04-16',182,7,3822),(4862,'2016-04-16',182,8,1658),(4863,'2016-04-16',182,9,4395),(4866,'2016-04-16',182,10,4865),(4867,'2016-04-16',182,11,4016),(4868,'2016-04-16',182,12,4641),(4869,'2016-04-16',182,13,2568),(4870,'2016-04-16',182,14,314),(4871,'2016-04-16',182,15,4547),(4872,'2016-04-16',182,16,3531),(4873,'2016-04-16',182,17,4804),(4874,'2016-04-16',182,18,3605),(4875,'2016-04-16',182,19,3882),(4877,'2016-04-16',182,20,4876),(4878,'2016-04-23',183,1,196),(4879,'2016-04-23',183,2,1941),(4880,'2016-04-23',183,3,4200),(4881,'2016-04-23',183,4,4854),(4882,'2016-04-23',183,5,4395),(4883,'2016-04-23',183,6,3781),(4884,'2016-04-23',183,7,4641),(4885,'2016-04-23',183,8,3822),(4886,'2016-04-23',183,9,4865),(4887,'2016-04-23',183,10,1658),(4888,'2016-04-23',183,11,302),(4889,'2016-04-23',183,12,4287),(4890,'2016-04-23',183,13,3721),(4891,'2016-04-23',183,14,4269),(4892,'2016-04-23',183,15,4604),(4893,'2016-04-23',183,16,4275),(4894,'2016-04-23',183,17,67),(4895,'2016-04-23',183,18,4424),(4896,'2016-04-23',183,19,3698),(4897,'2016-04-23',183,20,3976),(4898,'2016-05-07',184,1,4854),(4899,'2016-05-07',184,2,1941),(4900,'2016-05-07',184,3,3462),(4901,'2016-05-07',184,4,3822),(4902,'2016-05-07',184,5,306),(4903,'2016-05-07',184,6,4598),(4904,'2016-05-07',184,7,100),(4905,'2016-05-07',184,8,2738),(4906,'2016-05-07',184,9,4641),(4907,'2016-05-07',184,10,4865),(4908,'2016-05-07',184,11,3728),(4909,'2016-05-07',184,12,4287),(4910,'2016-05-07',184,13,2712),(4914,'2016-05-07',184,14,4913),(4915,'2016-05-07',184,15,4534),(4916,'2016-05-07',184,16,4300),(4917,'2016-05-07',184,17,4604),(4918,'2016-05-07',184,18,196),(4919,'2016-05-07',184,19,3694),(4920,'2016-05-07',184,20,3477),(4921,'2016-05-14',185,1,2629),(4922,'2016-05-14',185,2,751),(4923,'2016-05-14',185,3,1941),(4924,'2016-05-14',185,4,3781),(4925,'2016-05-14',185,5,4395),(4926,'2016-05-14',185,6,1658),(4927,'2016-05-14',185,7,4854),(4928,'2016-05-14',185,8,3822),(4929,'2016-05-14',185,9,4200),(4930,'2016-05-14',185,10,4865),(4931,'2016-05-14',185,11,196),(4932,'2016-05-14',185,12,4275),(4933,'2016-05-14',185,13,3882),(4934,'2016-05-14',185,14,3572),(4935,'2016-05-14',185,15,306),(4936,'2016-05-14',185,16,4534),(4937,'2016-05-14',185,17,4913),(4938,'2016-05-14',185,18,255),(4939,'2016-05-14',185,19,4604),(4940,'2016-05-14',185,20,4641),(4941,'2016-05-21',186,1,2504),(4942,'2016-05-21',186,2,2629),(4943,'2016-05-21',186,3,4200),(4944,'2016-05-21',186,4,1658),(4945,'2016-05-21',186,5,3781),(4946,'2016-05-21',186,6,4395),(4947,'2016-05-21',186,7,4854),(4948,'2016-05-21',186,8,335),(4949,'2016-05-21',186,9,4865),(4950,'2016-05-21',186,10,3976),(4951,'2016-05-21',186,11,3531),(4952,'2016-05-21',186,12,862),(4953,'2016-05-21',186,13,156),(4954,'2016-05-21',186,14,55),(4955,'2016-05-21',186,15,4913),(4956,'2016-05-21',186,16,4287),(4957,'2016-05-21',186,17,3669),(4958,'2016-05-21',186,18,4604),(4959,'2016-05-21',186,19,4641),(4965,'2016-05-21',186,20,4964),(4966,'2016-06-04',187,1,4059),(4967,'2016-06-04',187,2,2629),(4968,'2016-06-04',187,3,626),(4969,'2016-06-04',187,4,4200),(4970,'2016-06-04',187,5,4641),(4971,'2016-06-04',187,6,1941),(4972,'2016-06-04',187,7,4913),(4973,'2016-06-04',187,8,274),(4974,'2016-06-04',187,9,4854),(4975,'2016-06-04',187,10,2712),(4976,'2016-06-04',187,11,306),(4977,'2016-06-04',187,12,4287),(4978,'2016-06-04',187,13,314),(4979,'2016-06-04',187,14,3758),(4980,'2016-06-04',187,15,3572),(4981,'2016-06-04',187,16,796),(4982,'2016-06-04',187,17,4964),(4983,'2016-06-04',187,18,4598),(4984,'2016-06-04',187,19,3940),(4985,'2016-06-04',187,20,3644),(4986,'2016-06-11',188,1,1941),(4987,'2016-06-11',188,2,1286),(4988,'2016-06-11',188,3,4913),(4989,'2016-06-11',188,4,274),(4990,'2016-06-11',188,5,4200),(4991,'2016-06-11',188,6,2629),(4992,'2016-06-11',188,7,4598),(4993,'2016-06-11',188,8,4287),(4994,'2016-06-11',188,9,4854),(4995,'2016-06-11',188,10,3522),(4996,'2016-06-11',188,11,3698),(4997,'2016-06-11',188,12,2712),(4998,'2016-06-11',188,13,4641),(4999,'2016-06-11',188,14,3986),(5000,'2016-06-11',188,15,1571),(5001,'2016-06-11',188,16,3940),(5002,'2016-06-11',188,17,4059),(5003,'2016-06-11',188,18,4547),(5004,'2016-06-11',188,19,4804),(5005,'2016-06-11',188,20,4865),(5006,'2016-06-18',189,1,4641),(5007,'2016-06-18',189,2,626),(5008,'2016-06-18',189,3,3644),(5009,'2016-06-18',189,4,2286),(5010,'2016-06-18',189,5,2504),(5011,'2016-06-18',189,6,2629),(5012,'2016-06-18',189,7,255),(5013,'2016-06-18',189,8,4854),(5014,'2016-06-18',189,9,1254),(5015,'2016-06-18',189,10,862),(5016,'2016-06-18',189,11,4964),(5017,'2016-06-18',189,12,1658),(5018,'2016-06-18',189,13,302),(5019,'2016-06-18',189,14,1941),(5020,'2016-06-18',189,15,796),(5021,'2016-06-18',189,16,4865),(5022,'2016-06-18',189,17,4424),(5023,'2016-06-18',189,18,11),(5024,'2016-06-18',189,19,3764),(5025,'2016-06-18',189,20,4604),(5026,'2016-10-01',190,1,3605),(5027,'2016-10-01',190,2,4395),(5028,'2016-10-01',190,3,4854),(5029,'2016-10-01',190,4,306),(5030,'2016-10-01',190,5,751),(5031,'2016-10-01',190,6,2629),(5032,'2016-10-01',190,7,2504),(5033,'2016-10-01',190,8,1254),(5034,'2016-10-01',190,9,3522),(5035,'2016-10-01',190,10,3723),(5036,'2016-10-01',190,11,4641),(5037,'2016-10-01',190,12,3669),(5040,'2016-10-01',190,13,5039),(5041,'2016-10-01',190,14,3721),(5042,'2016-10-01',190,15,796),(5043,'2016-10-01',190,16,3822),(5044,'2016-10-01',190,17,2286),(5045,'2016-10-01',190,18,509),(5046,'2016-10-01',190,19,35),(5049,'2016-10-01',190,20,5048),(5050,'2016-10-08',191,1,386),(5051,'2016-10-08',191,2,2629),(5052,'2016-10-08',191,3,3605),(5053,'2016-10-08',191,4,4395),(5054,'2016-10-08',191,5,3515),(5055,'2016-10-08',191,6,5039),(5056,'2016-10-08',191,7,4865),(5057,'2016-10-08',191,8,751),(5058,'2016-10-08',191,9,1941),(5059,'2016-10-08',191,10,3721),(5060,'2016-10-08',191,11,4275),(5061,'2016-10-08',191,12,3822),(5062,'2016-10-08',191,13,4913),(5063,'2016-10-08',191,14,2568),(5064,'2016-10-08',191,15,4964),(5065,'2016-10-08',191,16,4287),(5066,'2016-10-08',191,17,335),(5067,'2016-10-08',191,18,4132),(5068,'2016-10-08',191,19,4598),(5072,'2016-10-08',191,20,5071),(5073,'2016-10-15',192,1,4483),(5074,'2016-10-15',192,2,1283),(5075,'2016-10-15',192,3,255),(5076,'2016-10-15',192,4,3632),(5077,'2016-10-15',192,5,3669),(5078,'2016-10-15',192,6,1395),(5079,'2016-10-15',192,7,3927),(5080,'2016-10-15',192,8,2286),(5081,'2016-10-15',192,9,3462),(5082,'2016-10-15',192,10,3468),(5083,'2016-10-15',192,11,1658),(5084,'2016-10-15',192,12,3698),(5085,'2016-10-15',192,13,5071),(5086,'2016-10-15',192,14,3694),(5087,'2016-10-15',192,15,4964),(5088,'2016-10-15',192,16,2568),(5089,'2016-10-15',192,17,4395),(5090,'2016-10-15',192,18,302),(5091,'2016-10-15',192,19,3758),(5092,'2016-10-15',192,20,3764),(5093,'2016-10-22',193,1,4483),(5096,'2016-10-22',193,2,5095),(5097,'2016-10-22',193,3,1283),(5100,'2016-10-22',193,4,5099),(5101,'2016-10-22',193,5,1658),(5102,'2016-10-22',193,6,5071),(5103,'2016-10-22',193,7,558),(5104,'2016-10-22',193,8,4300),(5105,'2016-10-22',193,9,4641),(5106,'2016-10-22',193,10,879),(5107,'2016-10-22',193,11,3694),(5108,'2016-10-22',193,12,4275),(5109,'2016-10-22',193,13,3698),(5110,'2016-10-22',193,14,2712),(5111,'2016-10-22',193,15,201),(5112,'2016-10-22',193,16,4964),(5113,'2016-10-22',193,17,5039),(5114,'2016-10-22',193,18,302),(5115,'2016-10-22',193,19,4287),(5116,'2016-10-22',193,20,67),(5117,'2016-10-29',194,1,5095),(5118,'2016-10-29',194,2,862),(5119,'2016-10-29',194,3,5099),(5120,'2016-10-29',194,4,3462),(5121,'2016-10-29',194,5,4483),(5122,'2016-10-29',194,6,3669),(5123,'2016-10-29',194,7,5071),(5124,'2016-10-29',194,8,4641),(5125,'2016-10-29',194,9,1790),(5126,'2016-10-29',194,10,1399),(5127,'2016-10-29',194,11,4424),(5128,'2016-10-29',194,12,4269),(5129,'2016-10-29',194,13,4913),(5130,'2016-10-29',194,14,274),(5131,'2016-10-29',194,15,2738),(5132,'2016-10-29',194,16,2286),(5133,'2016-10-29',194,17,306),(5136,'2016-10-29',194,18,5135),(5137,'2016-10-29',194,19,3522),(5138,'2016-10-29',194,20,4598),(5139,'2016-11-05',195,1,5095),(5140,'2016-11-05',195,2,35),(5141,'2016-11-05',195,3,862),(5142,'2016-11-05',195,4,1658),(5143,'2016-11-05',195,5,5099),(5144,'2016-11-05',195,6,4043),(5145,'2016-11-05',195,7,4337),(5146,'2016-11-05',195,8,3522),(5147,'2016-11-05',195,9,1283),(5148,'2016-11-05',195,10,4598),(5149,'2016-11-05',195,11,3462),(5150,'2016-11-05',195,12,4483),(5151,'2016-11-05',195,13,879),(5152,'2016-11-05',195,14,4964),(5153,'2016-11-05',195,15,1056),(5154,'2016-11-05',195,16,3694),(5155,'2016-11-05',195,17,323),(5156,'2016-11-05',195,18,3484),(5157,'2016-11-05',195,19,4604),(5158,'2016-11-05',195,20,5135),(5159,'2016-11-12',196,1,5095),(5160,'2016-11-12',196,2,3462),(5161,'2016-11-12',196,3,4598),(5162,'2016-11-12',196,4,862),(5164,'2016-11-12',196,5,5163),(5165,'2016-11-12',196,6,3669),(5166,'2016-11-12',196,7,1658),(5167,'2016-11-12',196,8,1395),(5168,'2016-11-12',196,9,2712),(5169,'2016-11-12',196,10,4395),(5170,'2016-11-12',196,11,4641),(5171,'2016-11-12',196,12,5135),(5172,'2016-11-12',196,13,3636),(5173,'2016-11-12',196,14,1790),(5174,'2016-11-12',196,15,323),(5175,'2016-11-12',196,16,5071),(5176,'2016-11-12',196,17,3522),(5177,'2016-11-12',196,18,4111),(5178,'2016-11-12',196,19,100),(5181,'2016-11-12',196,20,5180),(5182,'2016-11-19',197,1,3462),(5183,'2016-11-19',197,2,5071),(5184,'2016-11-19',197,3,5095),(5185,'2016-11-19',197,4,5163),(5186,'2016-11-19',197,5,274),(5187,'2016-11-19',197,6,3468),(5188,'2016-11-19',197,7,862),(5189,'2016-11-19',197,8,1658),(5190,'2016-11-19',197,9,1283),(5191,'2016-11-19',197,10,5180),(5192,'2016-11-19',197,11,3822),(5193,'2016-11-19',197,12,4598),(5194,'2016-11-19',197,13,5099),(5195,'2016-11-19',197,14,100),(5196,'2016-11-19',197,15,3515),(5197,'2016-11-19',197,16,4111),(5198,'2016-11-19',197,17,3758),(5199,'2016-11-19',197,18,4641),(5202,'2016-11-19',197,19,5201),(5203,'2016-11-19',197,20,4854),(5204,'2016-11-26',198,1,5095),(5205,'2016-11-26',198,2,5163),(5206,'2016-11-26',198,3,5071),(5207,'2016-11-26',198,4,35),(5208,'2016-11-26',198,5,2712),(5209,'2016-11-26',198,6,2568),(5210,'2016-11-26',198,7,3462),(5211,'2016-11-26',198,8,1658),(5212,'2016-11-26',198,9,5180),(5213,'2016-11-26',198,10,4641),(5216,'2016-11-26',198,11,5215),(5217,'2016-11-26',198,12,172),(5220,'2016-11-26',198,13,5219),(5221,'2016-11-26',198,14,4275),(5222,'2016-11-26',198,15,3694),(5223,'2016-11-26',198,16,1395),(5224,'2016-11-26',198,17,862),(5225,'2016-11-26',198,18,274),(5226,'2016-11-26',198,19,5135),(5229,'2016-11-26',198,20,5228),(5230,'2016-12-03',199,1,5071),(5231,'2016-12-03',199,2,1658),(5232,'2016-12-03',199,3,5095),(5233,'2016-12-03',199,4,862),(5234,'2016-12-03',199,5,1031),(5235,'2016-12-03',199,6,5180),(5236,'2016-12-03',199,7,3522),(5237,'2016-12-03',199,8,5099),(5238,'2016-12-03',199,9,1056),(5239,'2016-12-03',199,10,3462),(5240,'2016-12-03',199,11,4964),(5241,'2016-12-03',199,12,302),(5242,'2016-12-03',199,13,172),(5243,'2016-12-03',199,14,4641),(5244,'2016-12-03',199,15,5163),(5245,'2016-12-03',199,16,5228),(5246,'2016-12-03',199,17,3728),(5250,'2016-12-03',199,18,5249),(5251,'2016-12-03',199,19,3477),(5252,'2016-12-03',199,20,314),(5253,'2017-01-07',200,1,1031),(5254,'2017-01-07',200,2,5095),(5255,'2017-01-07',200,3,4641),(5256,'2017-01-07',200,4,3522),(5257,'2017-01-07',200,5,3721),(5258,'2017-01-07',200,6,5219),(5259,'2017-01-07',200,7,1305),(5260,'2017-01-07',200,8,5201),(5261,'2017-01-07',200,9,1395),(5262,'2017-01-07',200,10,3723),(5263,'2017-01-07',200,11,3462),(5264,'2017-01-07',200,12,5163),(5265,'2017-01-07',200,13,5039),(5266,'2017-01-07',200,14,4534),(5267,'2017-01-07',200,15,3908),(5268,'2017-01-07',200,16,5180),(5269,'2017-01-07',200,17,1399),(5270,'2017-01-07',200,18,5215),(5271,'2017-01-07',200,19,5228),(5272,'2017-01-07',200,20,4706),(5273,'2017-01-14',201,1,5228),(5274,'2017-01-14',201,2,5095),(5275,'2017-01-14',201,3,1031),(5276,'2017-01-14',201,4,4641),(5277,'2017-01-14',201,5,5219),(5278,'2017-01-14',201,6,4275),(5279,'2017-01-14',201,7,5201),(5280,'2017-01-14',201,8,3572),(5281,'2017-01-14',201,9,2568),(5282,'2017-01-14',201,10,172),(5283,'2017-01-14',201,11,1395),(5284,'2017-01-14',201,12,35),(5285,'2017-01-14',201,13,5071),(5286,'2017-01-14',201,14,1305),(5287,'2017-01-14',201,15,833),(5288,'2017-01-14',201,16,5215),(5289,'2017-01-14',201,17,353),(5290,'2017-01-14',201,18,3882),(5291,'2017-01-14',201,19,5135),(5292,'2017-01-14',201,20,4534),(5293,'2017-01-21',202,1,833),(5294,'2017-01-21',202,2,4275),(5295,'2017-01-21',202,3,353),(5296,'2017-01-21',202,4,1658),(5297,'2017-01-21',202,5,4016),(5298,'2017-01-21',202,6,3462),(5299,'2017-01-21',202,7,3669),(5300,'2017-01-21',202,8,3822),(5301,'2017-01-21',202,9,1399),(5302,'2017-01-21',202,10,172),(5303,'2017-01-21',202,11,5219),(5304,'2017-01-21',202,12,255),(5305,'2017-01-21',202,13,5095),(5306,'2017-01-21',202,14,1305),(5307,'2017-01-21',202,15,1395),(5308,'2017-01-21',202,16,302),(5309,'2017-01-21',202,17,3721),(5310,'2017-01-21',202,18,558),(5311,'2017-01-21',202,19,35),(5312,'2017-01-21',202,20,3477),(5313,'2017-01-28',203,1,353),(5314,'2017-01-28',203,2,5095),(5315,'2017-01-28',203,3,395),(5316,'2017-01-28',203,4,4275),(5317,'2017-01-28',203,5,5219),(5318,'2017-01-28',203,6,255),(5319,'2017-01-28',203,7,833),(5320,'2017-01-28',203,8,1031),(5321,'2017-01-28',203,9,100),(5322,'2017-01-28',203,10,172),(5323,'2017-01-28',203,11,5201),(5324,'2017-01-28',203,12,5071),(5325,'2017-01-28',203,13,4706),(5326,'2017-01-28',203,14,5163),(5327,'2017-01-28',203,15,3484),(5328,'2017-01-28',203,16,3721),(5329,'2017-01-28',203,17,3723),(5330,'2017-01-28',203,18,5180),(5331,'2017-01-28',203,19,3572),(5332,'2017-01-28',203,20,4269),(5333,'2017-02-04',204,1,353),(5334,'2017-02-04',204,2,395),(5335,'2017-02-04',204,3,4275),(5338,'2017-02-04',204,4,5337),(5343,'2017-02-04',204,5,5342),(5344,'2017-02-04',204,6,5219),(5345,'2017-02-04',204,7,833),(5346,'2017-02-04',204,8,4706),(5347,'2017-02-04',204,9,1031),(5350,'2017-02-04',204,10,5349),(5351,'2017-02-04',204,11,5201),(5352,'2017-02-04',204,12,1056),(5353,'2017-02-04',204,13,3723),(5354,'2017-02-04',204,14,274),(5355,'2017-02-04',204,15,5215),(5356,'2017-02-04',204,16,3572),(5357,'2017-02-04',204,17,5228),(5358,'2017-02-04',204,18,3522),(5359,'2017-02-04',204,19,5071),(5360,'2017-02-04',204,20,4287),(5361,'2017-02-11',205,1,5342),(5362,'2017-02-11',205,2,395),(5363,'2017-02-11',205,3,353),(5364,'2017-02-11',205,4,4275),(5365,'2017-02-11',205,5,1056),(5366,'2017-02-11',205,6,1031),(5367,'2017-02-11',205,7,5219),(5368,'2017-02-11',205,8,3462),(5369,'2017-02-11',205,9,5095),(5370,'2017-02-11',205,10,4706),(5371,'2017-02-11',205,11,4854),(5372,'2017-02-11',205,12,5349),(5373,'2017-02-11',205,13,5180),(5374,'2017-02-11',205,14,5337),(5375,'2017-02-11',205,15,5135),(5376,'2017-02-11',205,16,4964),(5377,'2017-02-11',205,17,274),(5378,'2017-02-11',205,18,4547),(5379,'2017-02-11',205,19,5201),(5380,'2017-02-11',205,20,5215),(5381,'2017-02-18',206,1,5342),(5382,'2017-02-18',206,2,4138),(5383,'2017-02-18',206,3,5219),(5384,'2017-02-18',206,4,353),(5385,'2017-02-18',206,5,5095),(5386,'2017-02-18',206,6,5337),(5387,'2017-02-18',206,7,4706),(5388,'2017-02-18',206,8,5163),(5389,'2017-02-18',206,9,4275),(5390,'2017-02-18',206,10,3477),(5391,'2017-02-18',206,11,395),(5392,'2017-02-18',206,12,654),(5393,'2017-02-18',206,13,306),(5394,'2017-02-18',206,14,3822),(5395,'2017-02-18',206,15,1395),(5396,'2017-02-18',206,16,4424),(5397,'2017-02-18',206,17,4854),(5398,'2017-02-18',206,18,4489),(5399,'2017-02-18',206,19,4059),(5400,'2017-02-18',206,20,5099),(5401,'2017-02-25',207,1,5342),(5402,'2017-02-25',207,2,1395),(5403,'2017-02-25',207,3,3468),(5404,'2017-02-25',207,4,353),(5405,'2017-02-25',207,5,5349),(5406,'2017-02-25',207,6,5201),(5407,'2017-02-25',207,7,4641),(5408,'2017-02-25',207,8,5163),(5409,'2017-02-25',207,9,5337),(5410,'2017-02-25',207,10,395),(5411,'2017-02-25',207,11,1031),(5412,'2017-02-25',207,12,558),(5413,'2017-02-25',207,13,5180),(5414,'2017-02-25',207,14,5228),(5415,'2017-02-25',207,15,5071),(5416,'2017-02-25',207,16,5039),(5417,'2017-02-25',207,17,4534),(5418,'2017-02-25',207,18,4287),(5419,'2017-02-25',207,19,323),(5420,'2017-02-25',207,20,2942),(5421,'2017-03-04',208,1,353),(5422,'2017-03-04',208,2,5342),(5423,'2017-03-04',208,3,136),(5424,'2017-03-04',208,4,395),(5425,'2017-03-04',208,5,4275),(5426,'2017-03-04',208,6,4138),(5427,'2017-03-04',208,7,3669),(5428,'2017-03-04',208,8,5219),(5429,'2017-03-04',208,9,5337),(5430,'2017-03-04',208,10,833),(5431,'2017-03-04',208,11,3644),(5432,'2017-03-04',208,12,1031),(5433,'2017-03-04',208,13,5228),(5434,'2017-03-04',208,14,335),(5435,'2017-03-04',208,15,3572),(5436,'2017-03-04',208,16,314),(5437,'2017-03-04',208,17,4876),(5438,'2017-03-04',208,18,27),(5439,'2017-03-04',208,19,626),(5440,'2017-03-04',208,20,3522),(5445,'2017-03-11',209,1,5444),(5446,'2017-03-11',209,2,1056),(5447,'2017-03-11',209,3,5337),(5448,'2017-03-11',209,4,3531),(5449,'2017-03-11',209,5,5342),(5450,'2017-03-11',209,6,2904),(5451,'2017-03-11',209,7,4395),(5452,'2017-03-11',209,8,3462),(5453,'2017-03-11',209,9,1305),(5454,'2017-03-11',209,10,255),(5455,'2017-03-11',209,11,2942),(5456,'2017-03-11',209,12,558),(5457,'2017-03-11',209,13,654),(5458,'2017-03-11',209,14,4111),(5459,'2017-03-11',209,15,3723),(5461,'2017-03-11',209,16,5460),(5462,'2017-03-11',209,17,3940),(5463,'2017-03-11',209,18,5039),(5464,'2017-03-11',209,19,4742),(5468,'2017-03-11',209,20,5467),(5469,'2017-03-18',210,1,2712),(5470,'2017-03-18',210,2,5444),(5471,'2017-03-18',210,3,3715),(5472,'2017-03-18',210,4,5342),(5473,'2017-03-18',210,5,3632),(5474,'2017-03-18',210,6,3822),(5475,'2017-03-18',210,7,3669),(5476,'2017-03-18',210,8,5219),(5477,'2017-03-18',210,9,3),(5478,'2017-03-18',210,10,3484),(5479,'2017-03-18',210,11,1305),(5480,'2017-03-18',210,12,5337),(5481,'2017-03-18',210,13,5201),(5482,'2017-03-18',210,14,833),(5483,'2017-03-18',210,15,2568),(5484,'2017-03-18',210,16,3522),(5485,'2017-03-18',210,17,3531),(5486,'2017-03-18',210,18,3698),(5489,'2017-03-18',210,19,5488),(5490,'2017-03-18',210,20,5071),(5491,'2017-03-25',211,1,3715),(5492,'2017-03-25',211,2,2712),(5493,'2017-03-25',211,3,5444),(5494,'2017-03-25',211,4,4132),(5495,'2017-03-25',211,5,5342),(5496,'2017-03-25',211,6,3822),(5497,'2017-03-25',211,7,3669),(5498,'2017-03-25',211,8,3632),(5499,'2017-03-25',211,9,3462),(5500,'2017-03-25',211,10,3),(5501,'2017-03-25',211,11,5219),(5502,'2017-03-25',211,12,1305),(5503,'2017-03-25',211,13,3484),(5504,'2017-03-25',211,14,3477),(5505,'2017-03-25',211,15,3531),(5506,'2017-03-25',211,16,1399),(5507,'2017-03-25',211,17,1395),(5508,'2017-03-25',211,18,1658),(5509,'2017-03-25',211,19,3698),(5510,'2017-03-25',211,20,5337),(5511,'2017-04-01',212,1,5444),(5512,'2017-04-01',212,2,3721),(5513,'2017-04-01',212,3,4132),(5514,'2017-04-01',212,4,3715),(5515,'2017-04-01',212,5,2712),(5516,'2017-04-01',212,6,5342),(5517,'2017-04-01',212,7,3669),(5518,'2017-04-01',212,8,3632),(5519,'2017-04-01',212,9,5488),(5520,'2017-04-01',212,10,3),(5521,'2017-04-01',212,11,3468),(5522,'2017-04-01',212,12,5201),(5523,'2017-04-01',212,13,2942),(5524,'2017-04-01',212,14,4269),(5525,'2017-04-01',212,15,1031),(5526,'2017-04-01',212,16,833),(5527,'2017-04-01',212,17,5071),(5528,'2017-04-01',212,18,353),(5529,'2017-04-01',212,19,5215),(5530,'2017-04-01',212,20,3723),(5531,'2017-04-08',213,1,5444),(5532,'2017-04-08',213,2,3715),(5533,'2017-04-08',213,3,509),(5534,'2017-04-08',213,4,3462),(5535,'2017-04-08',213,5,5488),(5536,'2017-04-08',213,6,314),(5537,'2017-04-08',213,7,3531),(5538,'2017-04-08',213,8,100),(5539,'2017-04-08',213,9,1658),(5540,'2017-04-08',213,10,2712),(5541,'2017-04-08',213,11,3721),(5542,'2017-04-08',213,12,5219),(5543,'2017-04-08',213,13,5342),(5544,'2017-04-08',213,14,558),(5545,'2017-04-08',213,15,2738),(5546,'2017-04-08',213,16,5337),(5547,'2017-04-08',213,17,4913),(5548,'2017-04-08',213,18,5201),(5549,'2017-04-08',213,19,4876),(5550,'2017-04-08',213,20,306),(5551,'2017-04-22',214,1,5444),(5552,'2017-04-22',214,2,4059),(5553,'2017-04-22',214,3,3721),(5554,'2017-04-22',214,4,5342),(5555,'2017-04-22',214,5,509),(5556,'2017-04-22',214,6,4555),(5557,'2017-04-22',214,7,3462),(5558,'2017-04-22',214,8,314),(5559,'2017-04-22',214,9,5488),(5560,'2017-04-22',214,10,4016),(5561,'2017-04-22',214,11,4337),(5562,'2017-04-22',214,12,5095),(5563,'2017-04-22',214,13,35),(5564,'2017-04-22',214,14,5337),(5565,'2017-04-22',214,15,5228),(5566,'2017-04-22',214,16,2504),(5567,'2017-04-22',214,17,5180),(5571,'2017-04-22',214,18,5570),(5572,'2017-04-22',214,19,4138),(5573,'2017-04-22',214,20,1254),(5576,'2017-04-29',215,1,5575),(5577,'2017-04-29',215,2,5444),(5578,'2017-04-29',215,3,4555),(5579,'2017-04-29',215,4,4059),(5580,'2017-04-29',215,5,5488),(5581,'2017-04-29',215,6,5095),(5582,'2017-04-29',215,7,4016),(5583,'2017-04-29',215,8,4337),(5584,'2017-04-29',215,9,5342),(5585,'2017-04-29',215,10,4534),(5586,'2017-04-29',215,11,558),(5587,'2017-04-29',215,12,3572),(5588,'2017-04-29',215,13,5228),(5589,'2017-04-29',215,14,796),(5590,'2017-04-29',215,15,3715),(5591,'2017-04-29',215,16,3828),(5592,'2017-04-29',215,17,3),(5593,'2017-04-29',215,18,3793),(5594,'2017-04-29',215,19,5135),(5595,'2017-04-29',215,20,5349),(5596,'2017-05-06',216,1,5444),(5597,'2017-05-06',216,2,5488),(5598,'2017-05-06',216,3,5575),(5599,'2017-05-06',216,4,3721),(5600,'2017-05-06',216,5,4059),(5601,'2017-05-06',216,6,2712),(5602,'2017-05-06',216,7,5342),(5603,'2017-05-06',216,8,4132),(5604,'2017-05-06',216,9,5219),(5605,'2017-05-06',216,10,3822),(5606,'2017-05-06',216,11,3531),(5607,'2017-05-06',216,12,558),(5608,'2017-05-06',216,13,5337),(5609,'2017-05-06',216,14,353),(5610,'2017-05-06',216,15,3477),(5611,'2017-05-06',216,16,879),(5612,'2017-05-06',216,17,3715),(5613,'2017-05-06',216,18,5071),(5614,'2017-05-06',216,19,5228),(5615,'2017-05-06',216,20,3940),(5616,'2017-05-13',217,1,5488),(5617,'2017-05-13',217,2,5444),(5620,'2017-05-13',217,3,5619),(5621,'2017-05-13',217,4,3669),(5622,'2017-05-13',217,5,35),(5623,'2017-05-13',217,6,3698),(5624,'2017-05-13',217,7,5201),(5625,'2017-05-13',217,8,3484),(5626,'2017-05-13',217,9,5337),(5627,'2017-05-13',217,10,4337),(5628,'2017-05-13',217,11,5575),(5629,'2017-05-13',217,12,1790),(5630,'2017-05-13',217,13,1571),(5631,'2017-05-13',217,14,4865),(5632,'2017-05-13',217,15,5039),(5633,'2017-05-13',217,16,5460),(5634,'2017-05-13',217,17,833),(5635,'2017-05-13',217,18,323),(5636,'2017-05-13',217,19,3758),(5637,'2017-05-13',217,20,654),(5638,'2017-05-27',218,1,3484),(5639,'2017-05-27',218,2,5488),(5640,'2017-05-27',218,3,2712),(5641,'2017-05-27',218,4,5444),(5642,'2017-05-27',218,5,3721),(5643,'2017-05-27',218,6,3632),(5644,'2017-05-27',218,7,5619),(5645,'2017-05-27',218,8,4059),(5646,'2017-05-27',218,9,4132),(5647,'2017-05-27',218,10,5342),(5648,'2017-05-27',218,11,3715),(5649,'2017-05-27',218,12,509),(5650,'2017-05-27',218,13,3669),(5651,'2017-05-27',218,14,4555),(5652,'2017-05-27',218,15,3462),(5653,'2017-05-27',218,16,5219),(5654,'2017-05-27',218,17,1395),(5655,'2017-05-27',218,18,879),(5656,'2017-05-27',218,19,1305),(5657,'2017-05-27',218,20,1658),(5658,'2017-06-03',219,1,5444),(5659,'2017-06-03',219,2,3484),(5660,'2017-06-03',219,3,5488),(5661,'2017-06-03',219,4,2712),(5662,'2017-06-03',219,5,5570),(5663,'2017-06-03',219,6,5619),(5664,'2017-06-03',219,7,4059),(5665,'2017-06-03',219,8,5342),(5666,'2017-06-03',219,9,509),(5667,'2017-06-03',219,10,5575),(5668,'2017-06-03',219,11,879),(5669,'2017-06-03',219,12,3462),(5670,'2017-06-03',219,13,5219),(5671,'2017-06-03',219,14,1031),(5672,'2017-06-03',219,15,5180),(5673,'2017-06-03',219,16,35),(5674,'2017-06-03',219,17,1658),(5675,'2017-06-03',219,18,4555),(5676,'2017-06-03',219,19,5071),(5677,'2017-06-03',219,20,4138),(5678,'2017-06-10',220,1,5488),(5679,'2017-06-10',220,2,3484),(5680,'2017-06-10',220,3,5444),(5681,'2017-06-10',220,4,27),(5682,'2017-06-10',220,5,5570),(5683,'2017-06-10',220,6,4555),(5684,'2017-06-10',220,7,5337),(5685,'2017-06-10',220,8,4059),(5686,'2017-06-10',220,9,3715),(5687,'2017-06-10',220,10,3698),(5688,'2017-06-10',220,11,2712),(5689,'2017-06-10',220,12,4706),(5690,'2017-06-10',220,13,5095),(5691,'2017-06-10',220,14,4287),(5692,'2017-06-10',220,15,3),(5693,'2017-06-10',220,16,5180),(5694,'2017-06-10',220,17,5619),(5695,'2017-06-10',220,18,5228),(5696,'2017-06-10',220,19,4691),(5700,'2017-06-10',220,20,5699),(5701,'2017-06-17',221,1,3484),(5702,'2017-06-17',221,2,5699),(5703,'2017-06-17',221,3,5444),(5704,'2017-06-17',221,4,5488),(5705,'2017-06-17',221,5,3721),(5706,'2017-06-17',221,6,5619),(5707,'2017-06-17',221,7,3715),(5708,'2017-06-17',221,8,4059),(5709,'2017-06-17',221,9,3698),(5710,'2017-06-17',221,10,335),(5711,'2017-06-17',221,11,1031),(5712,'2017-06-17',221,12,3723),(5713,'2017-06-17',221,13,2712),(5714,'2017-06-17',221,14,4555),(5715,'2017-06-17',221,15,27),(5716,'2017-06-17',221,16,5337),(5717,'2017-06-17',221,17,5575),(5718,'2017-06-17',221,18,353),(5719,'2017-06-17',221,19,3522),(5720,'2017-06-17',221,20,5460),(5721,'2017-06-24',222,1,5444),(5722,'2017-06-24',222,2,3484),(5723,'2017-06-24',222,3,2712),(5724,'2017-06-24',222,4,5488),(5725,'2017-06-24',222,5,5570),(5726,'2017-06-24',222,6,3669),(5727,'2017-06-24',222,7,5699),(5728,'2017-06-24',222,8,3632),(5729,'2017-06-24',222,9,3721),(5730,'2017-06-24',222,10,5342),(5731,'2017-06-24',222,11,5619),(5732,'2017-06-24',222,12,4059),(5733,'2017-06-24',222,13,4132),(5734,'2017-06-24',222,14,27),(5735,'2017-06-24',222,15,3462),(5736,'2017-06-24',222,16,879),(5737,'2017-06-24',222,17,3715),(5738,'2017-06-24',222,18,1658),(5739,'2017-06-24',222,19,509),(5740,'2017-06-24',222,20,5219),(5744,'2017-10-07',223,1,5743),(5745,'2017-10-07',223,2,255),(5748,'2017-10-07',223,3,5747),(5749,'2017-10-07',223,4,879),(5751,'2017-10-07',223,5,5750),(5752,'2017-10-07',223,6,306),(5753,'2017-10-07',223,7,5163),(5754,'2017-10-07',223,8,5488),(5755,'2017-10-07',223,9,3723),(5756,'2017-10-07',223,10,395),(5757,'2017-10-07',223,11,3),(5758,'2017-10-07',223,12,5575),(5759,'2017-10-07',223,13,323),(5760,'2017-10-07',223,14,3822),(5761,'2017-10-07',223,15,5444),(5762,'2017-10-07',223,16,3698),(5763,'2017-10-07',223,17,5201),(5767,'2017-10-07',223,18,5766),(5768,'2017-10-07',223,19,35),(5772,'2017-10-07',223,20,5771),(5776,'2017-10-14',224,1,5775),(5777,'2017-10-14',224,2,5743),(5778,'2017-10-14',224,3,4604),(5779,'2017-10-14',224,4,3),(5780,'2017-10-14',224,5,4275),(5781,'2017-10-14',224,6,879),(5782,'2017-10-14',224,7,3698),(5783,'2017-10-14',224,8,255),(5784,'2017-10-14',224,9,1395),(5785,'2017-10-14',224,10,5766),(5786,'2017-10-14',224,11,5750),(5787,'2017-10-14',224,12,3822),(5788,'2017-10-14',224,13,35),(5789,'2017-10-14',224,14,23),(5790,'2017-10-14',224,15,3468),(5791,'2017-10-14',224,16,3484),(5792,'2017-10-14',224,17,323),(5793,'2017-10-14',224,18,5342),(5794,'2017-10-14',224,19,5747),(5796,'2017-10-14',224,20,5795),(5797,'2017-10-21',225,1,879),(5798,'2017-10-21',225,2,5775),(5799,'2017-10-21',225,3,5743),(5800,'2017-10-21',225,4,5699),(5803,'2017-10-21',225,5,5802),(5804,'2017-10-21',225,6,4604),(5805,'2017-10-21',225,7,5766),(5806,'2017-10-21',225,8,3),(5807,'2017-10-21',225,9,3698),(5808,'2017-10-21',225,10,255),(5809,'2017-10-21',225,11,1031),(5810,'2017-10-21',225,12,5342),(5811,'2017-10-21',225,13,3758),(5812,'2017-10-21',225,14,3721),(5813,'2017-10-21',225,15,5750),(5814,'2017-10-21',225,16,5180),(5815,'2017-10-21',225,17,5747),(5816,'2017-10-21',225,18,4275),(5819,'2017-10-21',225,19,5818),(5820,'2017-10-21',225,20,5771),(5821,'2017-10-28',226,1,879),(5822,'2017-10-28',226,2,5766),(5823,'2017-10-28',226,3,5775),(5825,'2017-10-28',226,4,5824),(5826,'2017-10-28',226,5,5743),(5827,'2017-10-28',226,6,4604),(5828,'2017-10-28',226,7,5219),(5829,'2017-10-28',226,8,255),(5830,'2017-10-28',226,9,5795),(5831,'2017-10-28',226,10,3),(5832,'2017-10-28',226,11,5750),(5833,'2017-10-28',226,12,3522),(5834,'2017-10-28',226,13,5699),(5835,'2017-10-28',226,14,3698),(5836,'2017-10-28',226,15,5747),(5837,'2017-10-28',226,16,35),(5838,'2017-10-28',226,17,5444),(5839,'2017-10-28',226,18,274),(5840,'2017-10-28',226,19,5180),(5841,'2017-10-28',226,20,4854),(5842,'2017-11-04',227,1,879),(5843,'2017-11-04',227,2,4598),(5844,'2017-11-04',227,3,5824),(5845,'2017-11-04',227,4,5775),(5846,'2017-11-04',227,5,4604),(5847,'2017-11-04',227,6,5766),(5848,'2017-11-04',227,7,5743),(5849,'2017-11-04',227,8,274),(5850,'2017-11-04',227,9,4534),(5851,'2017-11-04',227,10,35),(5852,'2017-11-04',227,11,5747),(5853,'2017-11-04',227,12,3669),(5854,'2017-11-04',227,13,5750),(5855,'2017-11-04',227,14,4287),(5856,'2017-11-04',227,15,2712),(5857,'2017-11-04',227,16,5795),(5858,'2017-11-04',227,17,5342),(5859,'2017-11-04',227,18,5802),(5860,'2017-11-04',227,19,5699),(5861,'2017-11-04',227,20,302),(5862,'2017-11-11',228,1,5766),(5863,'2017-11-11',228,2,879),(5864,'2017-11-11',228,3,1056),(5865,'2017-11-11',228,4,5775),(5866,'2017-11-11',228,5,4598),(5867,'2017-11-11',228,6,5824),(5868,'2017-11-11',228,7,5743),(5869,'2017-11-11',228,8,5699),(5870,'2017-11-11',228,9,3758),(5871,'2017-11-11',228,10,4604),(5872,'2017-11-11',228,11,5575),(5873,'2017-11-11',228,12,5771),(5874,'2017-11-11',228,13,1790),(5875,'2017-11-11',228,14,1031),(5876,'2017-11-11',228,15,314),(5877,'2017-11-11',228,16,5747),(5878,'2017-11-11',228,17,35),(5879,'2017-11-11',228,18,5750),(5880,'2017-11-11',228,19,5802),(5881,'2017-11-11',228,20,3698),(5882,'2017-11-18',229,1,1056),(5883,'2017-11-18',229,2,5766),(5884,'2017-11-18',229,3,879),(5888,'2017-11-18',229,4,5887),(5889,'2017-11-18',229,5,5824),(5890,'2017-11-18',229,6,4598),(5891,'2017-11-18',229,7,3822),(5892,'2017-11-18',229,8,5818),(5893,'2017-11-18',229,9,5342),(5894,'2017-11-18',229,10,5775),(5895,'2017-11-18',229,11,3758),(5896,'2017-11-18',229,12,274),(5897,'2017-11-18',229,13,5743),(5898,'2017-11-18',229,14,5180),(5899,'2017-11-18',229,15,1790),(5900,'2017-11-18',229,16,5699),(5901,'2017-11-18',229,17,5750),(5902,'2017-11-18',229,18,5337),(5903,'2017-11-18',229,19,5771),(5904,'2017-11-18',229,20,4706),(5905,'2017-11-25',230,1,879),(5906,'2017-11-25',230,2,5766),(5907,'2017-11-25',230,3,5775),(5908,'2017-11-25',230,4,274),(5909,'2017-11-25',230,5,1056),(5910,'2017-11-25',230,6,4604),(5911,'2017-11-25',230,7,4598),(5912,'2017-11-25',230,8,3822),(5913,'2017-11-25',230,9,5887),(5914,'2017-11-25',230,10,3698),(5915,'2017-11-25',230,11,5824),(5916,'2017-11-25',230,12,3),(5917,'2017-11-25',230,13,1571),(5918,'2017-11-25',230,14,5743),(5919,'2017-11-25',230,15,255),(5920,'2017-11-25',230,16,5750),(5921,'2017-11-25',230,17,3758),(5922,'2017-11-25',230,18,35),(5923,'2017-11-25',230,19,3669),(5924,'2017-11-25',230,20,1790),(5925,'2017-12-02',231,1,274),(5926,'2017-12-02',231,2,5766),(5927,'2017-12-02',231,3,879),(5928,'2017-12-02',231,4,1056),(5929,'2017-12-02',231,5,4604),(5930,'2017-12-02',231,6,5887),(5931,'2017-12-02',231,7,3698),(5932,'2017-12-02',231,8,1571),(5933,'2017-12-02',231,9,5824),(5934,'2017-12-02',231,10,5775),(5935,'2017-12-02',231,11,5467),(5936,'2017-12-02',231,12,1790),(5937,'2017-12-02',231,13,2568),(5938,'2017-12-02',231,14,5747),(5939,'2017-12-02',231,15,5699),(5940,'2017-12-02',231,16,3484),(5941,'2017-12-02',231,17,1395),(5942,'2017-12-02',231,18,4706),(5943,'2017-12-02',231,19,1031),(5944,'2017-12-02',231,20,5802),(5945,'2017-12-09',232,1,5766),(5946,'2017-12-09',232,2,274),(5947,'2017-12-09',232,3,879),(5948,'2017-12-09',232,4,3793),(5949,'2017-12-09',232,5,5887),(5950,'2017-12-09',232,6,4604),(5951,'2017-12-09',232,7,35),(5952,'2017-12-09',232,8,1571),(5953,'2017-12-09',232,9,3698),(5954,'2017-12-09',232,10,1056),(5955,'2017-12-09',232,11,5775),(5956,'2017-12-09',232,12,314),(5957,'2017-12-09',232,13,5699),(5958,'2017-12-09',232,14,5743),(5959,'2017-12-09',232,15,3484),(5960,'2017-12-09',232,16,4706),(5961,'2017-12-09',232,17,5342),(5962,'2017-12-09',232,18,5219),(5963,'2017-12-09',232,19,302),(5964,'2017-12-09',232,20,5163),(5965,'2017-12-30',233,1,274),(5966,'2017-12-30',233,2,5766),(5967,'2017-12-30',233,3,879),(5968,'2017-12-30',233,4,3822),(5969,'2017-12-30',233,5,5775),(5970,'2017-12-30',233,6,3698),(5971,'2017-12-30',233,7,1056),(5972,'2017-12-30',233,8,4604),(5973,'2017-12-30',233,9,5467),(5974,'2017-12-30',233,10,3484),(5975,'2017-12-30',233,11,3522),(5976,'2017-12-30',233,12,4598),(5977,'2017-12-30',233,13,5887),(5978,'2017-12-30',233,14,255),(5979,'2017-12-30',233,15,1571),(5980,'2017-12-30',233,16,5750),(5981,'2017-12-30',233,17,3),(5982,'2017-12-30',233,18,3728),(5983,'2017-12-30',233,19,3793),(5984,'2017-12-30',233,20,5824),(5985,'2018-01-06',234,1,5766),(5986,'2018-01-06',234,2,274),(5987,'2018-01-06',234,3,3822),(5988,'2018-01-06',234,4,1031),(5989,'2018-01-06',234,5,1056),(5990,'2018-01-06',234,6,3644),(5991,'2018-01-06',234,7,1571),(5992,'2018-01-06',234,8,5887),(5993,'2018-01-06',234,9,5467),(5994,'2018-01-06',234,10,4275),(5995,'2018-01-06',234,11,5750),(5996,'2018-01-06',234,12,3605),(5997,'2018-01-06',234,13,4598),(6001,'2018-01-06',234,14,6000),(6002,'2018-01-06',234,15,879),(6003,'2018-01-06',234,16,4534),(6004,'2018-01-06',234,17,1283),(6005,'2018-01-06',234,18,4641),(6006,'2018-01-06',234,19,5337),(6007,'2018-01-06',234,20,5488),(6011,'2018-01-13',235,1,6010),(6012,'2018-01-13',235,2,274),(6013,'2018-01-13',235,3,3605),(6016,'2018-01-13',235,4,6015),(6017,'2018-01-13',235,5,5747),(6018,'2018-01-13',235,6,39),(6019,'2018-01-13',235,7,255),(6020,'2018-01-13',235,8,4604),(6021,'2018-01-13',235,9,3822),(6022,'2018-01-13',235,10,1031),(6023,'2018-01-13',235,11,879),(6024,'2018-01-13',235,12,3771),(6025,'2018-01-13',235,13,796),(6026,'2018-01-13',235,14,5201),(6027,'2018-01-13',235,15,3669),(6028,'2018-01-13',235,16,5219),(6029,'2018-01-13',235,17,5766),(6030,'2018-01-13',235,18,5337),(6031,'2018-01-13',235,19,35),(6032,'2018-01-13',235,20,3698),(6033,'2018-01-20',236,1,6010),(6036,'2018-01-20',236,2,6035),(6037,'2018-01-20',236,3,274),(6038,'2018-01-20',236,4,5766),(6039,'2018-01-20',236,5,6015),(6040,'2018-01-20',236,6,3822),(6045,'2018-01-20',236,7,6044),(6046,'2018-01-20',236,8,39),(6047,'2018-01-20',236,9,255),(6048,'2018-01-20',236,10,4604),(6049,'2018-01-20',236,11,879),(6050,'2018-01-20',236,12,5747),(6051,'2018-01-20',236,13,3698),(6052,'2018-01-20',236,14,5180),(6053,'2018-01-20',236,15,3605),(6054,'2018-01-20',236,16,5699),(6055,'2018-01-20',236,17,5201),(6056,'2018-01-20',236,18,5219),(6057,'2018-01-20',236,19,3669),(6058,'2018-01-20',236,20,4287),(6059,'2018-01-27',237,1,274),(6060,'2018-01-27',237,2,6010),(6061,'2018-01-27',237,3,6035),(6062,'2018-01-27',237,4,39),(6063,'2018-01-27',237,5,5766),(6064,'2018-01-27',237,6,3822),(6065,'2018-01-27',237,7,6015),(6066,'2018-01-27',237,8,2712),(6067,'2018-01-27',237,9,255),(6068,'2018-01-27',237,10,4287),(6069,'2018-01-27',237,11,3698),(6070,'2018-01-27',237,12,6044),(6071,'2018-01-27',237,13,4604),(6072,'2018-01-27',237,14,5337),(6073,'2018-01-27',237,15,1031),(6074,'2018-01-27',237,16,5747),(6075,'2018-01-27',237,17,3669),(6076,'2018-01-27',237,18,23),(6077,'2018-01-27',237,19,879),(6078,'2018-01-27',237,20,5180),(6079,'2018-02-03',238,1,6010),(6080,'2018-02-03',238,2,274),(6081,'2018-02-03',238,3,6044),(6082,'2018-02-03',238,4,5766),(6083,'2018-02-03',238,5,255),(6084,'2018-02-03',238,6,5747),(6085,'2018-02-03',238,7,39),(6086,'2018-02-03',238,8,6015),(6090,'2018-02-03',238,9,6089),(6091,'2018-02-03',238,10,6035),(6094,'2018-02-03',238,11,6093),(6095,'2018-02-03',238,12,5488),(6096,'2018-02-03',238,13,4287),(6097,'2018-02-03',238,14,5337),(6098,'2018-02-03',238,15,1399),(6099,'2018-02-03',238,16,5180),(6100,'2018-02-03',238,17,3698),(6101,'2018-02-03',238,18,5699),(6102,'2018-02-03',238,19,1031),(6103,'2018-02-03',238,20,5444),(6104,'2018-02-10',239,1,6044),(6105,'2018-02-10',239,2,6089),(6106,'2018-02-10',239,3,274),(6107,'2018-02-10',239,4,6010),(6108,'2018-02-10',239,5,5766),(6109,'2018-02-10',239,6,6015),(6113,'2018-02-10',239,7,6112),(6114,'2018-02-10',239,8,5747),(6115,'2018-02-10',239,9,5180),(6116,'2018-02-10',239,10,314),(6117,'2018-02-10',239,11,5750),(6118,'2018-02-10',239,12,6093),(6121,'2018-02-10',239,13,6120),(6122,'2018-02-10',239,14,5818),(6123,'2018-02-10',239,15,5342),(6126,'2018-02-10',239,16,6125),(6127,'2018-02-10',239,17,3531),(6128,'2018-02-10',239,18,5699),(6129,'2018-02-10',239,19,4641),(6130,'2018-02-10',239,20,533),(6131,'2018-02-17',240,1,6089),(6132,'2018-02-17',240,2,6010),(6133,'2018-02-17',240,3,6044),(6134,'2018-02-17',240,4,6112),(6135,'2018-02-17',240,5,274),(6136,'2018-02-17',240,6,39),(6137,'2018-02-17',240,7,1399),(6138,'2018-02-17',240,8,1031),(6139,'2018-02-17',240,9,5766),(6144,'2018-02-17',240,10,6143),(6145,'2018-02-17',240,11,4604),(6146,'2018-02-17',240,12,5747),(6147,'2018-02-17',240,13,306),(6148,'2018-02-17',240,14,5444),(6149,'2018-02-17',240,15,5488),(6150,'2018-02-17',240,16,3758),(6151,'2018-02-17',240,17,3698),(6152,'2018-02-17',240,18,6093),(6153,'2018-02-17',240,19,533),(6154,'2018-02-17',240,20,5750),(6155,'2018-02-24',241,1,6089),(6156,'2018-02-24',241,2,5766),(6157,'2018-02-24',241,3,274),(6158,'2018-02-24',241,4,6010),(6159,'2018-02-24',241,5,268),(6160,'2018-02-24',241,6,386),(6161,'2018-02-24',241,7,6044),(6162,'2018-02-24',241,8,6015),(6163,'2018-02-24',241,9,5747),(6164,'2018-02-24',241,10,5750),(6165,'2018-02-24',241,11,6112),(6166,'2018-02-24',241,12,6093),(6167,'2018-02-24',241,13,5699),(6168,'2018-02-24',241,14,3462),(6169,'2018-02-24',241,15,533),(6170,'2018-02-24',241,16,4604),(6171,'2018-02-24',241,17,1031),(6172,'2018-02-24',241,18,39),(6173,'2018-02-24',241,19,5818),(6174,'2018-02-24',241,20,2568),(6175,'2018-03-03',242,1,5766),(6176,'2018-03-03',242,2,6089),(6177,'2018-03-03',242,3,6010),(6178,'2018-03-03',242,4,274),(6179,'2018-03-03',242,5,6112),(6180,'2018-03-03',242,6,386),(6181,'2018-03-03',242,7,6044),(6182,'2018-03-03',242,8,6015),(6183,'2018-03-03',242,9,3636),(6184,'2018-03-03',242,10,6093),(6185,'2018-03-03',242,11,5444),(6186,'2018-03-03',242,12,268),(6187,'2018-03-03',242,13,1399),(6188,'2018-03-03',242,14,39),(6189,'2018-03-03',242,15,5747),(6190,'2018-03-03',242,16,2568),(6191,'2018-03-03',242,17,6120),(6192,'2018-03-03',242,18,306),(6193,'2018-03-03',242,19,1031),(6194,'2018-03-03',242,20,6143),(6195,'2018-03-10',243,1,6089),(6196,'2018-03-10',243,2,5766),(6197,'2018-03-10',243,3,6112),(6198,'2018-03-10',243,4,274),(6199,'2018-03-10',243,5,6010),(6200,'2018-03-10',243,6,6044),(6201,'2018-03-10',243,7,3468),(6202,'2018-03-10',243,8,3636),(6203,'2018-03-10',243,9,6015),(6204,'2018-03-10',243,10,39),(6205,'2018-03-10',243,11,5747),(6206,'2018-03-10',243,12,306),(6207,'2018-03-10',243,13,6093),(6208,'2018-03-10',243,14,1790),(6209,'2018-03-10',243,15,5163),(6210,'2018-03-10',243,16,6143),(6211,'2018-03-10',243,17,3698),(6212,'2018-03-10',243,18,5802),(6213,'2018-03-10',243,19,4287),(6214,'2018-03-10',243,20,3462),(6215,'2018-03-17',244,1,6112),(6216,'2018-03-17',244,2,6089),(6217,'2018-03-17',244,3,5766),(6218,'2018-03-17',244,4,274),(6219,'2018-03-17',244,5,6010),(6220,'2018-03-17',244,6,3632),(6221,'2018-03-17',244,7,3636),(6222,'2018-03-17',244,8,6015),(6223,'2018-03-17',244,9,3669),(6224,'2018-03-17',244,10,2712),(6225,'2018-03-17',244,11,6093),(6226,'2018-03-17',244,12,6044),(6227,'2018-03-17',244,13,5219),(6228,'2018-03-17',244,14,5444),(6229,'2018-03-17',244,15,6143),(6230,'2018-03-17',244,16,1031),(6231,'2018-03-17',244,17,5747),(6232,'2018-03-17',244,18,35),(6233,'2018-03-17',244,19,5337),(6234,'2018-03-17',244,20,314),(6235,'2018-03-24',245,1,5766),(6236,'2018-03-24',245,2,6010),(6237,'2018-03-24',245,3,6089),(6238,'2018-03-24',245,4,6112),(6239,'2018-03-24',245,5,3468),(6240,'2018-03-24',245,6,6143),(6241,'2018-03-24',245,7,3),(6242,'2018-03-24',245,8,5337),(6243,'2018-03-24',245,9,3636),(6244,'2018-03-24',245,10,5444),(6245,'2018-03-24',245,11,39),(6246,'2018-03-24',245,12,6044),(6247,'2018-03-24',245,13,2504),(6248,'2018-03-24',245,14,3698),(6249,'2018-03-24',245,15,11),(6250,'2018-03-24',245,16,2712),(6251,'2018-03-24',245,17,6015),(6252,'2018-03-24',245,18,1031),(6253,'2018-03-24',245,19,5747),(6254,'2018-03-24',245,20,6093),(6255,'2018-04-07',246,1,1941),(6256,'2018-04-07',246,2,274),(6257,'2018-04-07',246,3,6089),(6258,'2018-04-07',246,4,39),(6259,'2018-04-07',246,5,6112),(6260,'2018-04-07',246,6,6010),(6261,'2018-04-07',246,7,5766),(6262,'2018-04-07',246,8,4604),(6263,'2018-04-07',246,9,6093),(6267,'2018-04-07',246,10,6266),(6268,'2018-04-07',246,11,5163),(6269,'2018-04-07',246,12,5747),(6270,'2018-04-07',246,13,3),(6271,'2018-04-07',246,14,1031),(6272,'2018-04-07',246,15,5337),(6273,'2018-04-07',246,16,5887),(6274,'2018-04-07',246,17,5488),(6275,'2018-04-07',246,18,35),(6276,'2018-04-07',246,19,5771),(6277,'2018-04-07',246,20,5750),(6278,'2018-04-14',247,1,1941),(6279,'2018-04-14',247,2,4173),(6280,'2018-04-14',247,3,39),(6281,'2018-04-14',247,4,274),(6282,'2018-04-14',247,5,6112),(6283,'2018-04-14',247,6,3822),(6284,'2018-04-14',247,7,879),(6285,'2018-04-14',247,8,4287),(6286,'2018-04-14',247,9,6044),(6287,'2018-04-14',247,10,11),(6288,'2018-04-14',247,11,3698),(6289,'2018-04-14',247,12,6089),(6290,'2018-04-14',247,13,5337),(6291,'2018-04-14',247,14,5766),(6292,'2018-04-14',247,15,5775),(6293,'2018-04-14',247,16,6010),(6294,'2018-04-14',247,17,5163),(6295,'2018-04-14',247,18,3669),(6296,'2018-04-14',247,19,5180),(6297,'2018-04-14',247,20,5201),(6298,'2018-04-21',248,1,4173),(6299,'2018-04-21',248,2,1941),(6300,'2018-04-21',248,3,4059),(6301,'2018-04-21',248,4,274),(6302,'2018-04-21',248,5,6044),(6303,'2018-04-21',248,6,6112),(6304,'2018-04-21',248,7,879),(6305,'2018-04-21',248,8,6089),(6306,'2018-04-21',248,9,6010),(6307,'2018-04-21',248,10,1031),(6308,'2018-04-21',248,11,5747),(6309,'2018-04-21',248,12,5575),(6310,'2018-04-21',248,13,3698),(6311,'2018-04-21',248,14,5163),(6312,'2018-04-21',248,15,3462),(6313,'2018-04-21',248,16,5771),(6314,'2018-04-21',248,17,335),(6315,'2018-04-21',248,18,5699),(6316,'2018-04-21',248,19,3522),(6317,'2018-04-21',248,20,395),(6318,'2018-04-28',249,1,4059),(6319,'2018-04-28',249,2,4173),(6320,'2018-04-28',249,3,3515),(6321,'2018-04-28',249,4,6112),(6322,'2018-04-28',249,5,274),(6323,'2018-04-28',249,6,1941),(6324,'2018-04-28',249,7,6044),(6325,'2018-04-28',249,8,6089),(6326,'2018-04-28',249,9,3698),(6327,'2018-04-28',249,10,5747),(6328,'2018-04-28',249,11,35),(6329,'2018-04-28',249,12,596),(6330,'2018-04-28',249,13,5488),(6331,'2018-04-28',249,14,5750),(6332,'2018-04-28',249,15,3),(6333,'2018-04-28',249,16,6093),(6334,'2018-04-28',249,17,100),(6335,'2018-04-28',249,18,6010),(6336,'2018-04-28',249,19,5575),(6337,'2018-04-28',249,20,2712),(6338,'2018-05-05',250,1,274),(6339,'2018-05-05',250,2,1941),(6340,'2018-05-05',250,3,4173),(6341,'2018-05-05',250,4,4059),(6342,'2018-05-05',250,5,39),(6343,'2018-05-05',250,6,3515),(6344,'2018-05-05',250,7,4005),(6345,'2018-05-05',250,8,6112),(6346,'2018-05-05',250,9,4287),(6347,'2018-05-05',250,10,6044),(6350,'2018-05-05',250,11,6349),(6351,'2018-05-05',250,12,5766),(6352,'2018-05-05',250,13,879),(6353,'2018-05-05',250,14,3698),(6354,'2018-05-05',250,15,6089),(6355,'2018-05-05',250,16,5201),(6356,'2018-05-05',250,17,3822),(6357,'2018-05-05',250,18,2568),(6358,'2018-05-05',250,19,3669),(6359,'2018-05-05',250,20,2712),(6360,'2018-05-12',251,1,6112),(6361,'2018-05-12',251,2,4275),(6362,'2018-05-12',251,3,274),(6363,'2018-05-12',251,4,6349),(6364,'2018-05-12',251,5,4005),(6365,'2018-05-12',251,6,6044),(6366,'2018-05-12',251,7,5766),(6367,'2018-05-12',251,8,2712),(6368,'2018-05-12',251,9,879),(6369,'2018-05-12',251,10,6010),(6370,'2018-05-12',251,11,35),(6371,'2018-05-12',251,12,3669),(6372,'2018-05-12',251,13,3698),(6373,'2018-05-12',251,14,3462),(6374,'2018-05-12',251,15,5747),(6375,'2018-05-12',251,16,335),(6376,'2018-05-12',251,17,1941),(6377,'2018-05-12',251,18,1283),(6378,'2018-05-12',251,19,6089),(6379,'2018-05-12',251,20,5444),(6380,'2018-05-19',252,1,4275),(6381,'2018-05-19',252,2,274),(6382,'2018-05-19',252,3,6112),(6383,'2018-05-19',252,4,6349),(6384,'2018-05-19',252,5,6044),(6385,'2018-05-19',252,6,6089),(6386,'2018-05-19',252,7,2712),(6387,'2018-05-19',252,8,1031),(6388,'2018-05-19',252,9,5163),(6389,'2018-05-19',252,10,196),(6390,'2018-05-19',252,11,1941),(6391,'2018-05-19',252,12,3632),(6392,'2018-05-19',252,13,5766),(6393,'2018-05-19',252,14,5747),(6394,'2018-05-19',252,15,335),(6395,'2018-05-19',252,16,35),(6396,'2018-05-19',252,17,3462),(6397,'2018-05-19',252,18,3522),(6398,'2018-05-19',252,19,5743),(6399,'2018-05-19',252,20,6010);
/*!40000 ALTER TABLE `songs_in_list` ENABLE KEYS */;
UNLOCK TABLES;
/*!40103 SET TIME_ZONE=@OLD_TIME_ZONE */;

/*!40101 SET SQL_MODE=@OLD_SQL_MODE */;
/*!40014 SET FOREIGN_KEY_CHECKS=@OLD_FOREIGN_KEY_CHECKS */;
/*!40014 SET UNIQUE_CHECKS=@OLD_UNIQUE_CHECKS */;
/*!40101 SET CHARACTER_SET_CLIENT=@OLD_CHARACTER_SET_CLIENT */;
/*!40101 SET CHARACTER_SET_RESULTS=@OLD_CHARACTER_SET_RESULTS */;
/*!40101 SET COLLATION_CONNECTION=@OLD_COLLATION_CONNECTION */;
/*!40111 SET SQL_NOTES=@OLD_SQL_NOTES */;

-- Dump completed on 2018-05-25 20:04:01
